sample_id,850.0000,852.0202,854.0404,856.0606,858.0808,860.1010,862.1212,864.1414,866.1616,868.1818,870.2020,872.2222,874.2424,876.2626,878.2828,880.3030,882.3232,884.3434,886.3636,888.3838,890.4040,892.4242,894.4444,896.4646,898.4848,900.5051,902.5253,904.5455,906.5657,908.5859,910.6061,912.6263,914.6465,916.6667,918.6869,920.7071,922.7273,924.7475,926.7677,928.7879,930.8081,932.8283,934.8485,936.8687,938.8889,940.9091,942.9293,944.9495,946.9697,948.9899,951.0101,953.0303,955.0505,957.0707,959.0909,961.1111,963.1313,965.1515,967.1717,969.1919,971.2121,973.2323,975.2525,977.2727,979.2929,981.3131,983.3333,985.3535,987.3737,989.3939,991.4141,993.4343,995.4545,997.4747,999.4949,1001.5152,1003.5354,1005.5556,1007.5758,1009.5960,1011.6162,1013.6364,1015.6566,1017.6768,1019.6970,1021.7172,1023.7374,1025.7576,1027.7778,1029.7980,1031.8182,1033.8384,1035.8586,1037.8788,1039.8990,1041.9192,1043.9394,1045.9596,1047.9798,1050.0000,moisture,fat,protein,fat_class
C001,2.617760,2.618140,2.618590,2.619120,2.619810,2.620710,2.621860,2.623340,2.625110,2.627220,2.629640,2.632450,2.635650,2.639330,2.643530,2.648250,2.653500,2.659370,2.665850,2.672810,2.680080,2.687330,2.694270,2.700730,2.706840,2.712810,2.719140,2.726280,2.734620,2.744160,2.754660,2.765680,2.776790,2.787900,2.799490,2.812250,2.827060,2.843560,2.861060,2.878570,2.894970,2.909240,2.920850,2.930150,2.938460,2.947710,2.960190,2.978310,3.003060,3.035060,3.074280,3.119630,3.168680,3.217710,3.262540,3.299880,3.328470,3.348990,3.363420,3.373790,3.381520,3.387410,3.391640,3.394180,3.394900,3.393660,3.390450,3.385410,3.378690,3.370410,3.360730,3.349790,3.337690,3.324430,3.310130,3.294870,3.278910,3.262320,3.245420,3.228280,3.210800,3.192870,3.174330,3.155030,3.134750,3.113390,3.091160,3.068500,3.045960,3.023930,3.002470,2.981450,2.960720,2.940130,2.919780,2.899660,2.879640,2.859600,2.839400,2.819200,60.5000,22.5000,16.7000,high
C002,2.834540,2.838710,2.842830,2.847050,2.851380,2.855870,2.860600,2.865660,2.870930,2.876610,2.882640,2.888980,2.895770,2.903080,2.910970,2.919530,2.928730,2.938630,2.949290,2.960720,2.972720,2.984930,2.996900,3.008330,3.019200,3.029900,3.041010,3.053450,3.067770,3.084160,3.102210,3.121060,3.139830,3.158100,3.176230,3.195190,3.215840,3.237470,3.258890,3.278350,3.293840,3.303620,3.306810,3.303930,3.297000,3.289250,3.284090,3.285050,3.293260,3.309230,3.332670,3.362510,3.396610,3.431880,3.464920,3.492950,3.514580,3.530040,3.540670,3.547970,3.553060,3.556750,3.559210,3.560450,3.560340,3.558760,3.555710,3.551320,3.545850,3.539500,3.532350,3.524420,3.515830,3.506680,3.497000,3.486830,3.476260,3.465520,3.455010,3.444810,3.434770,3.424650,3.414190,3.403030,3.390820,3.377310,3.362650,3.347450,3.332450,3.318180,3.304730,3.291860,3.279210,3.266550,3.253690,3.240450,3.226590,3.211810,3.196000,3.179420,46.0000,40.1000,13.5000,high
C003,2.582840,2.584580,2.586290,2.588080,2.589960,2.591920,2.594010,2.596270,2.598730,2.601310,2.604140,2.607140,2.610290,2.613610,2.617140,2.620890,2.624860,2.629090,2.633610,2.638350,2.643300,2.648380,2.653540,2.658700,2.663750,2.668800,2.673830,2.678920,2.684110,2.689370,2.694700,2.700120,2.705630,2.711410,2.717750,2.724900,2.733440,2.743270,2.754330,2.766420,2.779310,2.792720,2.806490,2.820640,2.835410,2.851210,2.868720,2.889050,2.912890,2.940880,2.973250,3.009460,3.047800,3.085540,3.119470,3.146960,3.166770,3.179380,3.186310,3.189240,3.189500,3.188010,3.184980,3.180390,3.174110,3.166110,3.156410,3.145120,3.132410,3.118430,3.103290,3.087140,3.070140,3.052370,3.033930,3.015040,2.995690,2.976120,2.956420,2.936600,2.916670,2.896550,2.876220,2.855630,2.834740,2.813610,2.792350,2.771130,2.750150,2.729560,2.709340,2.689510,2.670090,2.651120,2.632620,2.614610,2.597180,2.580340,2.564040,2.548160,71.0000,8.4000,20.5000,low
C004,2.822860,2.824600,2.826300,2.828140,2.830010,2.831920,2.833920,2.836060,2.838420,2.840970,2.843740,2.846640,2.849750,2.853070,2.856610,2.860380,2.864370,2.868600,2.873080,2.877890,2.883010,2.888320,2.893740,2.899170,2.904570,2.909910,2.915210,2.920430,2.925650,2.930820,2.936040,2.941280,2.946580,2.952020,2.957770,2.964190,2.971590,2.980450,2.990900,3.002840,3.016110,3.030480,3.045790,3.061940,3.078890,3.096860,3.116290,3.137750,3.162170,3.190680,3.223760,3.261720,3.303790,3.347930,3.390930,3.429200,3.459980,3.482270,3.496870,3.505580,3.510260,3.512210,3.512150,3.510360,3.506820,3.501400,3.493980,3.484570,3.473330,3.460410,3.445950,3.430050,3.412850,3.394500,3.375110,3.354820,3.333760,3.312040,3.289860,3.267300,3.244420,3.221170,3.197570,3.173570,3.149150,3.124290,3.099080,3.073660,3.048250,3.023080,2.998200,2.973670,2.949510,2.925760,2.902510,2.879880,2.857940,2.836720,2.816170,2.796220,72.8000,5.9000,20.7000,low
C005,2.788130,2.789890,2.791670,2.793500,2.795380,2.797460,2.799840,2.802540,2.805530,2.808900,2.812720,2.817040,2.821840,2.827100,2.832940,2.839450,2.846640,2.854580,2.863310,2.872800,2.882910,2.893350,2.903740,2.913710,2.923050,2.931870,2.940600,2.949860,2.960350,2.972410,2.986060,3.000970,3.016520,3.032200,3.047930,3.064130,3.081530,3.100780,3.121850,3.143710,3.165100,3.184700,3.201400,3.214770,3.225440,3.235050,3.245860,3.260270,3.280630,3.308890,3.345430,3.390190,3.441980,3.498000,3.554070,3.605340,3.647890,3.680110,3.702720,3.718150,3.728630,3.735740,3.740590,3.743570,3.744530,3.743360,3.739910,3.734180,3.726380,3.716760,3.705530,3.692890,3.679000,3.663960,3.647850,3.630850,3.613050,3.594630,3.575820,3.556950,3.537960,3.518800,3.499360,3.479380,3.458690,3.437110,3.414580,3.391290,3.367720,3.344500,3.322010,3.300250,3.279070,3.258310,3.237840,3.217650,3.197660,3.177700,3.157700,3.137530,58.3000,25.5000,15.5000,high
C006,3.009930,3.015400,3.020860,3.026340,3.031900,3.037560,3.043410,3.049550,3.055990,3.062740,3.069820,3.077240,3.085110,3.093430,3.102310,3.111850,3.122050,3.132940,3.144570,3.157030,3.170380,3.184290,3.198400,3.212250,3.225520,3.238270,3.250840,3.263930,3.278510,3.295140,3.314010,3.334580,3.355910,3.377090,3.397720,3.418280,3.439740,3.462660,3.486630,3.510020,3.530870,3.547110,3.556990,3.559860,3.556560,3.549370,3.541690,3.536920,3.538230,3.547600,3.565120,3.590430,3.622290,3.658300,3.695150,3.729320,3.758030,3.780030,3.795600,3.806140,3.813130,3.817740,3.820790,3.822580,3.823010,3.822060,3.819590,3.815570,3.810210,3.803750,3.796420,3.788350,3.779580,3.770240,3.760400,3.750050,3.739290,3.728310,3.717380,3.706810,3.696640,3.686590,3.676490,3.666110,3.655030,3.642830,3.629380,3.614830,3.599900,3.585350,3.571630,3.558770,3.546510,3.534420,3.522210,3.509720,3.496820,3.483250,3.468700,3.453070,44.0000,42.7000,13.7000,high
C007,2.988930,2.994350,2.999800,3.005400,3.011170,3.017160,3.023470,3.030140,3.037080,3.044450,3.052130,3.060320,3.069050,3.078410,3.088460,3.099180,3.110590,3.122650,3.135660,3.149360,3.163310,3.176950,3.190010,3.202560,3.214960,3.227880,3.241970,3.258120,3.276520,3.296610,3.317460,3.338220,3.358570,3.378820,3.399710,3.421890,3.445110,3.468140,3.488870,3.505190,3.515430,3.518850,3.516190,3.509720,3.502590,3.498020,3.498750,3.506530,3.522750,3.546770,3.577370,3.612440,3.648690,3.682620,3.711390,3.733600,3.749470,3.760220,3.767310,3.772060,3.775110,3.776660,3.776960,3.775940,3.773460,3.769530,3.764260,3.757870,3.750550,3.742430,3.733680,3.724420,3.714750,3.704630,3.694060,3.683180,3.672290,3.661750,3.651600,3.641730,3.631910,3.621770,3.611020,3.599290,3.586420,3.572490,3.558030,3.543750,3.530170,3.517470,3.505440,3.493720,3.481970,3.469960,3.457560,3.444560,3.430700,3.415830,3.400180,3.384150,44.0000,42.7000,13.7000,high
C008,2.525820,2.526650,2.527580,2.528440,2.529440,2.530570,2.531870,2.533390,2.535160,2.537100,2.539370,2.541930,2.544710,2.547760,2.551120,2.554790,2.558810,2.563210,2.568080,2.573280,2.578750,2.584360,2.589940,2.595390,2.600690,2.605910,2.611190,2.616660,2.622460,2.628580,2.635020,2.641720,2.648610,2.655790,2.663500,2.672380,2.682880,2.695110,2.709000,2.724320,2.740710,2.757760,2.775160,2.792740,2.810830,2.830240,2.851890,2.876810,2.905960,2.940220,2.980130,3.025570,3.075330,3.126830,3.176350,3.219750,3.253220,3.277540,3.294380,3.305810,3.313570,3.318750,3.321980,3.323460,3.323120,3.320850,3.316500,3.310100,3.301750,3.291570,3.279890,3.266880,3.252570,3.237090,3.220560,3.203120,3.184970,3.166230,3.147040,3.127530,3.107680,3.087500,3.066970,3.045980,3.024520,3.002490,2.979940,2.957030,2.934060,2.911330,2.889030,2.867200,2.845720,2.824580,2.803880,2.783720,2.764150,2.745150,2.726710,2.708760,69.3000,10.6000,19.3000,low
C009,3.273360,3.279960,3.286460,3.293000,3.299560,3.306270,3.313100,3.320060,3.327270,3.334720,3.342430,3.350350,3.358470,3.366900,3.375690,3.384850,3.394420,3.404440,3.414910,3.425860,3.437190,3.448630,3.459910,3.470890,3.481480,3.491780,3.502140,3.512960,3.524540,3.536910,3.549910,3.563300,3.576800,3.590260,3.603910,3.618450,3.634420,3.651940,3.670660,3.689940,3.709010,3.727090,3.743530,3.758230,3.771840,3.785960,3.802480,3.822980,3.848700,3.880660,3.919410,3.964760,4.015410,4.068620,4.120260,4.166040,4.201830,4.228190,4.246880,4.259920,4.269050,4.275450,4.279800,4.282310,4.282940,4.281510,4.277920,4.272160,4.264280,4.254430,4.243030,4.230310,4.216320,4.201170,4.184890,4.167650,4.149580,4.130860,4.111770,4.092480,4.072910,4.053020,4.032670,4.011760,3.990190,3.967790,3.944560,3.920670,3.896560,3.872590,3.849160,3.826200,3.803550,3.781180,3.758990,3.737090,3.715430,3.693950,3.672590,3.651270,61.4000,19.9000,17.7000,high
C010,3.398050,3.405390,3.412710,3.420010,3.427350,3.434790,3.442450,3.450350,3.458380,3.466650,3.475110,3.483850,3.492940,3.502350,3.512120,3.522300,3.532890,3.543940,3.555450,3.567570,3.580000,3.592350,3.604340,3.615890,3.627150,3.638380,3.649810,3.661760,3.674550,3.688420,3.702860,3.717410,3.731840,3.746400,3.761720,3.778390,3.796700,3.816510,3.837150,3.857700,3.877100,3.894580,3.910290,3.924920,3.940030,3.957400,3.978870,4.006030,4.040030,4.081510,4.130200,4.184520,4.241360,4.295690,4.342400,4.379060,4.405920,4.424950,4.438460,4.448380,4.455570,4.460500,4.463410,4.464210,4.462730,4.458870,4.452760,4.444610,4.434610,4.423000,4.409690,4.395000,4.378870,4.361820,4.343850,4.324920,4.305350,4.285330,4.265100,4.244600,4.223540,4.201850,4.179420,4.156060,4.131740,4.106610,4.081060,4.055590,4.030520,4.005970,3.981730,3.957790,3.934070,3.910590,3.887280,3.864130,3.841070,3.818110,3.795310,3.772620,61.4000,19.9000,17.7000,high
C011,3.008810,3.014010,3.019340,3.024690,3.030220,3.036010,3.042080,3.048490,3.055340,3.062600,3.070180,3.078280,3.086910,3.096270,3.106380,3.117230,3.128850,3.141270,3.154560,3.168940,3.183870,3.198880,3.213360,3.227130,3.240440,3.253900,3.268260,3.284330,3.302700,3.323780,3.346510,3.369660,3.392280,3.414410,3.436780,3.460170,3.484730,3.509610,3.533060,3.552860,3.566140,3.571090,3.568320,3.559970,3.549490,3.540640,3.536610,3.539630,3.550940,3.570770,3.598350,3.631930,3.668670,3.704600,3.735680,3.760050,3.777640,3.789620,3.797510,3.802650,3.805940,3.807820,3.808380,3.807570,3.805290,3.801500,3.796310,3.789950,3.782650,3.774580,3.765910,3.756770,3.747100,3.737040,3.726570,3.715890,3.705260,3.694960,3.685100,3.675580,3.666100,3.656380,3.646040,3.634630,3.621930,3.608100,3.593660,3.579450,3.566030,3.553540,3.541780,3.530290,3.518720,3.506780,3.494310,3.481070,3.466770,3.451260,3.434780,3.417920,41.4000,46.0000,12.5000,high
C012,2.154990,2.154500,2.153930,2.153420,2.153000,2.152630,2.152300,2.152090,2.152140,2.152320,2.152650,2.153050,2.153560,2.154240,2.155140,2.156230,2.157480,2.158900,2.160580,2.162510,2.164710,2.167030,2.169410,2.171810,2.174180,2.176610,2.179000,2.181220,2.183250,2.185110,2.186900,2.188850,2.191170,2.194090,2.197970,2.203150,2.210310,2.219500,2.230880,2.244460,2.260090,2.277650,2.297100,2.318390,2.341550,2.366630,2.393970,2.424500,2.458900,2.497830,2.541600,2.589400,2.639170,2.687680,2.731330,2.767380,2.794850,2.814540,2.828380,2.838130,2.845250,2.850470,2.854030,2.855860,2.855890,2.853890,2.849850,2.843960,2.836370,2.827220,2.816690,2.804760,2.791610,2.777340,2.762160,2.746160,2.729480,2.712280,2.694520,2.676360,2.657820,2.638870,2.619470,2.599560,2.579210,2.558530,2.537630,2.516730,2.495980,2.475410,2.455060,2.434950,2.415180,2.395860,2.377150,2.359070,2.341730,2.325140,2.309340,2.294180,76.6000,0.9000,21.2000,low
C013,2.888410,2.896120,2.903650,2.911120,2.918490,2.925800,2.933050,2.940260,2.947580,2.954790,2.961990,2.969150,2.976290,2.983450,2.990660,2.997860,3.005090,3.012390,3.019790,3.027260,3.034780,3.042280,3.049750,3.057170,3.064500,3.071740,3.078890,3.085850,3.092610,3.099250,3.105820,3.112300,3.118790,3.125480,3.132530,3.140180,3.148850,3.158510,3.169290,3.181160,3.194050,3.207910,3.222660,3.238270,3.254780,3.272320,3.291210,3.312090,3.335520,3.361910,3.391530,3.424030,3.458260,3.492260,3.523670,3.550440,3.571620,3.587460,3.598990,3.607450,3.613720,3.618440,3.621810,3.623830,3.624420,3.623550,3.621200,3.617400,3.612310,3.606040,3.598630,3.590210,3.580880,3.570730,3.559850,3.548330,3.536350,3.523940,3.511210,3.498220,3.484950,3.471350,3.457450,3.443250,3.428740,3.413970,3.399020,3.384020,3.369080,3.354260,3.339600,3.325100,3.310750,3.296660,3.282880,3.269470,3.256390,3.243680,3.231380,3.219320,72.7000,2.9000,21.7000,low
C014,2.988600,2.997050,3.005370,3.013520,3.021570,3.029550,3.037480,3.045370,3.053280,3.061150,3.068990,3.076850,3.084690,3.092510,3.100340,3.108230,3.116180,3.124150,3.132240,3.140410,3.148630,3.156850,3.165050,3.173200,3.181260,3.189180,3.197040,3.204760,3.212320,3.219760,3.227090,3.234350,3.241640,3.249070,3.256990,3.265520,3.275060,3.285640,3.297340,3.310140,3.324000,3.338820,3.354530,3.371080,3.388470,3.406920,3.426780,3.448710,3.473180,3.500740,3.531650,3.565580,3.601350,3.636970,3.670020,3.698450,3.721210,3.738450,3.751240,3.760630,3.767630,3.772970,3.776890,3.779410,3.780350,3.779720,3.777570,3.773940,3.768910,3.762590,3.755100,3.746570,3.737060,3.726720,3.715590,3.703860,3.691560,3.678910,3.665930,3.652630,3.639070,3.625240,3.611090,3.596640,3.581900,3.566880,3.551660,3.536390,3.521240,3.506250,3.491400,3.476720,3.462270,3.448070,3.434160,3.420610,3.407490,3.394740,3.382340,3.370170,71.4000,3.5000,21.5000,low
C015,3.132030,3.141170,3.150150,3.158990,3.167740,3.176420,3.185040,3.193600,3.202140,3.210660,3.219130,3.227590,3.236060,3.244540,3.253040,3.261570,3.270140,3.278790,3.287500,3.296340,3.305200,3.314080,3.322970,3.331810,3.340550,3.349260,3.357770,3.366190,3.374470,3.382640,3.390720,3.398720,3.406720,3.414910,3.423500,3.432770,3.443090,3.454560,3.467170,3.480940,3.495840,3.511810,3.528730,3.546490,3.565130,3.584820,3.605960,3.629210,3.655080,3.684110,3.716680,3.752540,3.790610,3.828910,3.864990,3.896590,3.922260,3.941980,3.956680,3.967540,3.975730,3.981990,3.986520,3.989420,3.990710,3.990270,3.988130,3.984330,3.978930,3.972110,3.964020,3.954790,3.944500,3.933320,3.921230,3.908450,3.895050,3.881290,3.867230,3.852870,3.838210,3.823260,3.808040,3.792540,3.776680,3.760550,3.744290,3.727990,3.711760,3.695700,3.679870,3.664300,3.648990,3.633920,3.619120,3.604740,3.590850,3.577450,3.564380,3.551590,69.8000,4.0000,21.3000,low
C016,2.506880,2.507830,2.508800,2.509850,2.511010,2.512290,2.513690,2.515230,2.516920,2.518880,2.521030,2.523310,2.525760,2.528410,2.531220,2.534230,2.537520,2.540950,2.544650,2.548590,2.552740,2.557030,2.561400,2.565790,2.570160,2.574490,2.578800,2.583100,2.587340,2.591560,2.595750,2.599960,2.604280,2.608860,2.613960,2.619850,2.627020,2.635510,2.645240,2.656240,2.668310,2.681280,2.695030,2.709500,2.724790,2.741160,2.759110,2.779590,2.803130,2.830510,2.862000,2.897120,2.934440,2.971420,3.004820,3.031910,3.051430,3.063860,3.070770,3.073710,3.074020,3.072520,3.069480,3.064920,3.058690,3.050750,3.041060,3.029700,3.016810,3.002530,2.986990,2.970300,2.952660,2.934060,2.914680,2.894600,2.873930,2.852850,2.831470,2.809860,2.787940,2.765710,2.743170,2.720260,2.697010,2.673510,2.649860,2.626210,2.602730,2.579530,2.556690,2.534220,2.512170,2.490560,2.469470,2.448950,2.429140,2.410020,2.391560,2.373740,74.5000,5.2000,20.2000,low
C017,2.629790,2.632000,2.634130,2.636260,2.638460,2.640720,2.643030,2.645480,2.648000,2.650650,2.653460,2.656400,2.659470,2.662640,2.665920,2.669400,2.673020,2.676890,2.680950,2.685140,2.689460,2.693870,2.698280,2.702670,2.706970,2.711140,2.715220,2.719230,2.723230,2.727250,2.731280,2.735330,2.739480,2.743930,2.748980,2.755000,2.762460,2.771380,2.781710,2.793310,2.806000,2.819590,2.833910,2.848950,2.864860,2.882090,2.901180,2.923360,2.949130,2.979170,3.013630,3.051900,3.092220,3.131790,3.167460,3.196750,3.218710,3.234050,3.244410,3.251330,3.255980,3.259030,3.260620,3.260660,3.259090,3.255860,3.250950,3.244350,3.236160,3.226540,3.215600,3.203470,3.190220,3.175850,3.160560,3.144360,3.127480,3.110040,3.092140,3.073810,3.055040,3.035780,3.016010,2.995720,2.974930,2.953640,2.932020,2.910240,2.888500,2.866960,2.845660,2.824590,2.803750,2.783260,2.763200,2.743610,2.724610,2.706110,2.688100,2.670510,73.5000,5.6000,20.0000,low
C018,2.917920,2.918960,2.920040,2.921190,2.922380,2.923730,2.925280,2.926930,2.928800,2.930890,2.933210,2.935660,2.938300,2.941110,2.944090,2.947300,2.950750,2.954400,2.958260,2.962320,2.966590,2.971070,2.975660,2.980240,2.984780,2.989310,2.993890,2.998490,3.003070,3.007660,3.012230,3.016790,3.021430,3.026300,3.031600,3.037620,3.044650,3.052730,3.061980,3.072240,3.083300,3.094950,3.107090,3.119650,3.132740,3.146730,3.162060,3.179670,3.200290,3.224450,3.252410,3.283730,3.316900,3.349460,3.378560,3.401780,3.417940,3.427450,3.431700,3.432210,3.430370,3.426830,3.421860,3.415370,3.407320,3.397620,3.386290,3.373470,3.359280,3.343810,3.327210,3.309630,3.291200,3.272070,3.252250,3.231920,3.211090,3.190030,3.168790,3.147420,3.125900,3.104130,3.082150,3.059970,3.037610,3.015070,2.992470,2.969920,2.947600,2.925660,2.904150,2.883090,2.862470,2.842250,2.822540,2.803430,2.784950,2.767140,2.749920,2.733210,74.1000,6.3000,19.2000,low
C019,2.855870,2.857530,2.859190,2.860820,2.862440,2.864110,2.865920,2.867880,2.870020,2.872410,2.874960,2.877670,2.880590,2.883740,2.887130,2.890800,2.894780,2.899110,2.903820,2.908880,2.914220,2.919700,2.925210,2.930700,2.936150,2.941580,2.947030,2.952640,2.958450,2.964440,2.970580,2.976860,2.983380,2.990410,2.998310,3.007620,3.019100,3.032690,3.048360,3.065970,3.085280,3.106010,3.127910,3.150960,3.175400,3.201680,3.230530,3.263380,3.300890,3.343910,3.392890,3.447330,3.505420,3.563970,3.618870,3.666290,3.704090,3.732250,3.752450,3.766670,3.776790,3.783910,3.788540,3.790720,3.790460,3.787620,3.782220,3.774400,3.764310,3.752170,3.738200,3.722500,3.705390,3.686940,3.667370,3.646870,3.625570,3.603720,3.581460,3.558950,3.536120,3.512920,3.489340,3.465310,3.440810,3.415930,3.390830,3.365760,3.340950,3.316610,3.292800,3.269450,3.246610,3.224370,3.202780,3.181980,3.161960,3.142700,3.124150,3.106270,67.3000,7.2000,20.1000,low
C020,2.777610,2.779380,2.781240,2.783150,2.785130,2.787200,2.789450,2.791940,2.794590,2.797500,2.800690,2.804120,2.807700,2.811510,2.815570,2.819890,2.824460,2.829330,2.834560,2.840140,2.845960,2.852010,2.858190,2.864410,2.870620,2.876760,2.882980,2.889240,2.895590,2.902040,2.908620,2.915260,2.921930,2.928710,2.935880,2.943790,2.952810,2.963250,2.975030,2.987980,3.001940,3.016600,3.031740,3.047300,3.063440,3.080470,3.098980,3.119680,3.143830,3.172160,3.205240,3.242940,3.283940,3.325630,3.364510,3.397390,3.422400,3.439450,3.449920,3.455600,3.458030,3.458100,3.456440,3.453070,3.447900,3.440860,3.431880,3.421020,3.408460,3.394350,3.378830,3.362050,3.344140,3.325210,3.305340,3.284630,3.263300,3.241460,3.219310,3.196860,3.174140,3.151140,3.127800,3.104090,3.079970,3.055450,3.030610,3.005670,2.980900,2.956460,2.932410,2.908770,2.885510,2.862640,2.840280,2.818530,2.797500,2.777180,2.757470,2.738360,71.8000,7.8000,20.2000,low
C021,2.819690,2.823160,2.826560,2.829910,2.833250,2.836600,2.840020,2.843500,2.847060,2.850730,2.854510,2.858350,2.862230,2.866190,2.870290,2.874540,2.878880,2.883310,2.887920,2.892720,2.897620,2.902500,2.907260,2.911890,2.916370,2.920690,2.924870,2.928970,2.933130,2.937390,2.941700,2.945970,2.950220,2.954770,2.960030,2.966440,2.974260,2.983560,2.994370,3.006450,3.019490,3.033150,3.047230,3.061760,3.077080,3.093760,3.112610,3.134560,3.160470,3.191210,3.227250,3.267870,3.310870,3.352560,3.389070,3.417940,3.438810,3.453160,3.462930,3.469710,3.474500,3.477760,3.479640,3.479990,3.478610,3.475440,3.470490,3.463850,3.455660,3.446060,3.435180,3.423080,3.409860,3.395600,3.380410,3.364390,3.347720,3.330580,3.313040,3.295070,3.276680,3.257850,3.238550,3.218700,3.198250,3.177190,3.155760,3.134220,3.112820,3.091650,3.070680,3.049890,3.029290,3.008930,2.988970,2.969500,2.950480,2.931860,2.913540,2.895510,72.4500,7.9000,19.7000,low
C022,2.793970,2.792670,2.791460,2.790430,2.789590,2.788910,2.788390,2.788110,2.788170,2.788470,2.789040,2.789860,2.790930,2.792300,2.793960,2.795870,2.798040,2.800530,2.803370,2.806490,2.809890,2.813470,2.817130,2.820790,2.824420,2.828030,2.831670,2.835330,2.839180,2.843190,2.847330,2.851550,2.855830,2.860330,2.865310,2.871190,2.878330,2.886800,2.896440,2.907050,2.918310,2.929890,2.941560,2.953280,2.965270,2.978070,2.992500,3.009850,3.030830,3.056110,3.085900,3.119640,3.155670,3.191200,3.222920,3.248120,3.265580,3.275910,3.280580,3.281350,3.279500,3.275800,3.270570,3.263780,3.255350,3.245220,3.233340,3.219810,3.204800,3.188440,3.170910,3.152380,3.132950,3.112630,3.091540,3.069860,3.047760,3.025350,3.002750,2.980030,2.957130,2.934020,2.910640,2.887020,2.863100,2.838890,2.814480,2.790110,2.766010,2.742340,2.719190,2.696530,2.674320,2.652600,2.631450,2.610920,2.591040,2.571780,2.553020,2.534830,71.6000,9.2000,18.7000,low
C023,2.196330,2.195280,2.194240,2.193170,2.192150,2.191270,2.190590,2.190070,2.189800,2.189700,2.189740,2.190080,2.190690,2.191560,2.192700,2.194130,2.195900,2.198000,2.200540,2.203400,2.206440,2.209520,2.212580,2.215570,2.218530,2.221560,2.224750,2.228210,2.232010,2.236200,2.240760,2.245640,2.250840,2.256560,2.263160,2.271020,2.280860,2.292550,2.306050,2.321080,2.337260,2.354330,2.372140,2.390710,2.410360,2.431660,2.455350,2.482810,2.514600,2.551500,2.593720,2.640640,2.690320,2.739590,2.784770,2.822750,2.852040,2.873040,2.887500,2.897230,2.903810,2.908130,2.910610,2.911190,2.909810,2.906360,2.900850,2.893400,2.884180,2.873400,2.861280,2.847910,2.833420,2.817940,2.801570,2.784520,2.766870,2.748850,2.730580,2.712110,2.693420,2.674460,2.655160,2.635490,2.615440,2.595050,2.574510,2.553990,2.533670,2.513770,2.494320,2.475310,2.456760,2.438730,2.421210,2.404280,2.387920,2.372230,2.357100,2.342510,69.4000,9.3000,18.2000,low
C024,3.325730,3.333890,3.341900,3.349850,3.357720,3.365580,3.373540,3.381600,3.389770,3.398030,3.406290,3.414680,3.423240,3.431930,3.440750,3.449760,3.458960,3.468400,3.478090,3.488090,3.498300,3.508630,3.518920,3.529040,3.539010,3.548920,3.558750,3.568660,3.578650,3.588810,3.599080,3.609390,3.619780,3.630440,3.641750,3.654070,3.668040,3.683640,3.700740,3.718980,3.737960,3.757370,3.777040,3.796960,3.817520,3.839310,3.863280,3.891020,3.923220,3.960610,4.003470,4.051220,4.101870,4.152090,4.198010,4.236410,4.265680,4.286370,4.300430,4.309790,4.316200,4.320420,4.322760,4.323260,4.321910,4.318400,4.312760,4.305180,4.295890,4.285150,4.273020,4.259540,4.245060,4.229680,4.213430,4.196450,4.178760,4.160970,4.143010,4.124890,4.106430,4.087690,4.068630,4.049170,4.029270,4.008940,3.988310,3.967600,3.947110,3.927000,3.907270,3.887880,3.868770,3.849970,3.831620,3.813670,3.796240,3.779280,3.762600,3.746160,67.9000,10.2000,21.5000,low
C025,2.840600,2.841370,2.842050,2.842730,2.843480,2.844270,2.845150,2.846270,2.847530,2.849100,2.850880,2.852880,2.855120,2.857650,2.860510,2.863740,2.867290,2.871310,2.875790,2.880600,2.885690,2.890900,2.896050,2.901060,2.905940,2.910770,2.915860,2.921370,2.927420,2.934080,2.941270,2.948800,2.956620,2.964900,2.973980,2.984450,2.996940,3.011470,3.027790,3.045550,3.064180,3.083140,3.102160,3.121330,3.141140,3.162450,3.186480,3.214890,3.248540,3.288260,3.334430,3.386520,3.442650,3.499500,3.552890,3.598990,3.635550,3.662550,3.681760,3.695100,3.704430,3.710930,3.715100,3.716990,3.716490,3.713510,3.708030,3.700190,3.690230,3.678350,3.664740,3.649500,3.632900,3.615100,3.596210,3.576380,3.555760,3.534610,3.513130,3.491400,3.469440,3.447140,3.424400,3.401160,3.377430,3.353230,3.328680,3.304080,3.279730,3.255860,3.232600,3.209930,3.187800,3.166180,3.145050,3.124540,3.104660,3.085360,3.066580,3.048290,65.5000,12.5000,17.0000,low
C026,2.404390,2.401030,2.397800,2.394730,2.391850,2.389190,2.386850,2.384860,2.383240,2.381990,2.381100,2.380600,2.380550,2.381040,2.382100,2.383710,2.385830,2.388470,2.391750,2.395580,2.399780,2.404020,2.408040,2.411790,2.415340,2.418830,2.422550,2.426870,2.432150,2.438510,2.445670,2.453090,2.460560,2.468370,2.477360,2.488260,2.501430,2.516840,2.534120,2.552530,2.571150,2.589060,2.605870,2.621870,2.638180,2.656410,2.678250,2.705220,2.738430,2.778800,2.826700,2.881010,2.938840,2.995540,3.046160,3.087550,3.118990,3.142150,3.159400,3.172660,3.183210,3.191730,3.198330,3.202890,3.205210,3.205250,3.202980,3.198530,3.192040,3.183700,3.173680,3.162050,3.148970,3.134500,3.118750,3.101890,3.084110,3.065640,3.046660,3.027200,3.007230,2.986730,2.965650,2.943810,2.920990,2.897190,2.872740,2.848120,2.823840,2.800120,2.776920,2.754160,2.731790,2.709920,2.688640,2.667950,2.647720,2.627780,2.608080,2.588800,64.6000,13.5000,16.7000,low
C027,2.537980,2.534680,2.531480,2.528400,2.525510,2.522910,2.520620,2.518680,2.517100,2.515920,2.515140,2.514760,2.514840,2.515440,2.516640,2.518440,2.520790,2.523710,2.527260,2.531420,2.535960,2.540500,2.544800,2.548740,2.552460,2.556200,2.560230,2.564900,2.570560,2.577310,2.584920,2.592830,2.600780,2.609060,2.618470,2.629850,2.643590,2.659640,2.677610,2.696710,2.716020,2.734600,2.752000,2.768570,2.785500,2.804480,2.827300,2.855550,2.890390,2.932770,2.983090,3.040140,3.100870,3.160330,3.213260,3.256260,3.288720,3.312450,3.330020,3.343500,3.354190,3.362780,3.369410,3.373990,3.376260,3.376110,3.373580,3.368830,3.362000,3.353270,3.342790,3.330680,3.317110,3.302120,3.285840,3.268390,3.249990,3.230930,3.211360,3.191360,3.170860,3.149790,3.128080,3.105550,3.081990,3.057400,3.032120,3.006690,2.981540,2.956960,2.932940,2.909360,2.886160,2.863410,2.841260,2.819710,2.798650,2.777880,2.757360,2.737250,65.5000,13.5000,16.2000,low
C028,2.235840,2.235290,2.234740,2.234190,2.233700,2.233320,2.233100,2.233050,2.233180,2.233490,2.234020,2.234770,2.235730,2.236990,2.238570,2.240480,2.242700,2.245280,2.248250,2.251620,2.255250,2.258970,2.262570,2.266020,2.269340,2.272690,2.276190,2.280100,2.284610,2.289770,2.295390,2.301160,2.306910,2.312870,2.319610,2.327640,2.337210,2.348300,2.360620,2.373690,2.386980,2.399900,2.412230,2.424190,2.436510,2.450260,2.466510,2.486320,2.510490,2.539800,2.574650,2.614330,2.656860,2.699020,2.737210,2.768900,2.793200,2.810930,2.823710,2.832980,2.839770,2.844690,2.847940,2.849480,2.849180,2.846980,2.842890,2.837040,2.829570,2.820670,2.810500,2.799190,2.786830,2.773550,2.759430,2.744590,2.729230,2.713570,2.697740,2.681740,2.665520,2.649070,2.632320,2.615170,2.597490,2.579300,2.560780,2.542320,2.524190,2.506590,2.489450,2.472710,2.456320,2.440330,2.424780,2.409700,2.395030,2.380630,2.366470,2.352620,61.4000,14.6000,15.8000,high
C029,2.235840,2.235290,2.234740,2.234190,2.233700,2.233320,2.233100,2.233050,2.233180,2.233490,2.234020,2.234770,2.235730,2.236990,2.238570,2.240480,2.242700,2.245280,2.248250,2.251620,2.255250,2.258970,2.262570,2.266020,2.269340,2.272690,2.276190,2.280100,2.284610,2.289770,2.295390,2.301160,2.306910,2.312870,2.319610,2.327640,2.337210,2.348300,2.360620,2.373690,2.386980,2.399900,2.412230,2.424190,2.436510,2.450260,2.466510,2.486320,2.510490,2.539800,2.574650,2.614330,2.656860,2.699020,2.737210,2.768900,2.793200,2.810930,2.823710,2.832980,2.839770,2.844690,2.847940,2.849480,2.849180,2.846980,2.842890,2.837040,2.829570,2.820670,2.810500,2.799190,2.786830,2.773550,2.759430,2.744590,2.729230,2.713570,2.697740,2.681740,2.665520,2.649070,2.632320,2.615170,2.597490,2.579300,2.560780,2.542320,2.524190,2.506590,2.489450,2.472710,2.456320,2.440330,2.424780,2.409700,2.395030,2.380630,2.366470,2.352620,61.4000,14.6000,15.8000,high
C030,2.789930,2.790530,2.791220,2.792070,2.793080,2.794270,2.795710,2.797450,2.799470,2.801870,2.804620,2.807700,2.811080,2.814810,2.818980,2.823570,2.828600,2.834070,2.840000,2.846310,2.852910,2.859610,2.866170,2.872500,2.878570,2.884490,2.890600,2.897130,2.904190,2.911830,2.919970,2.928450,2.937120,2.946030,2.955500,2.966150,2.978640,2.992850,3.008470,3.025010,3.041730,3.057970,3.073400,3.088140,3.102910,3.118830,3.137220,3.160060,3.188310,3.222850,3.263980,3.311020,3.361880,3.413040,3.459950,3.498570,3.526950,3.545560,3.556580,3.562340,3.564680,3.564770,3.562780,3.558840,3.552870,3.544690,3.534210,3.521650,3.507320,3.491400,3.473950,3.455170,3.435270,3.414260,3.392380,3.369780,3.346590,3.323050,3.299300,3.275450,3.251410,3.227110,3.202460,3.177360,3.151740,3.125560,3.099000,3.072360,3.046020,3.020220,2.995100,2.970620,2.946680,2.923190,2.900230,2.877830,2.856010,2.834680,2.813780,2.793280,66.2000,16.3000,17.5000,high
C031,2.587070,2.586460,2.585890,2.585360,2.584910,2.584650,2.584670,2.584970,2.585600,2.586680,2.588120,2.589930,2.592240,2.595100,2.598520,2.602520,2.607040,2.612210,2.617960,2.624230,2.630750,2.637280,2.643590,2.649560,2.655270,2.661020,2.667330,2.674630,2.683280,2.693320,2.704590,2.716710,2.729400,2.742640,2.756790,2.772580,2.790800,2.811290,2.833430,2.856400,2.879260,2.901170,2.921730,2.941150,2.960430,2.981070,3.005000,3.034630,3.070950,3.114930,3.166760,3.225610,3.289090,3.353080,3.412550,3.463030,3.502150,3.530140,3.549260,3.562160,3.570850,3.576690,3.580150,3.581170,3.579690,3.575650,3.569030,3.559930,3.548630,3.535410,3.520470,3.504050,3.486250,3.467260,3.447250,3.426310,3.404610,3.382390,3.359850,3.337120,3.314180,3.290870,3.267220,3.243030,3.218150,3.192660,3.166750,3.140740,3.115080,3.090110,3.065920,3.042490,3.019670,2.997470,2.975770,2.954540,2.933770,2.913410,2.893350,2.873670,67.1000,18.6000,11.6000,high
C032,2.630360,2.631680,2.632990,2.634340,2.635790,2.637420,2.639280,2.641400,2.643810,2.646510,2.649490,2.652740,2.656370,2.660440,2.665010,2.670070,2.675620,2.681690,2.688400,2.695630,2.703130,2.710490,2.717410,2.723790,2.729860,2.735890,2.742290,2.749440,2.757740,2.767240,2.777630,2.788210,2.798560,2.808890,2.820000,2.832720,2.847480,2.864120,2.882070,2.900340,2.917750,2.933260,2.946430,2.957760,2.968710,2.981280,2.997500,3.019100,3.047230,3.082770,3.126070,3.175970,3.229660,3.282370,3.329010,3.366270,3.393390,3.412150,3.424990,3.434030,3.440560,3.445260,3.448340,3.449630,3.448850,3.445850,3.440770,3.433860,3.425220,3.415080,3.403560,3.390850,3.377060,3.362220,3.346440,3.329820,3.312600,3.295080,3.277410,3.259620,3.241590,3.223240,3.204450,3.185020,3.164590,3.143120,3.120920,3.098550,3.076590,3.055320,3.034690,3.014430,2.994400,2.974600,2.955150,2.936080,2.917250,2.898430,2.879510,2.860720,60.5000,20.9000,17.2000,high
C033,3.646920,3.650420,3.653900,3.657580,3.661530,3.665780,3.670330,3.675170,3.680340,3.686190,3.692350,3.698950,3.706010,3.713560,3.721650,3.730320,3.739560,3.749490,3.760100,3.771380,3.783210,3.795330,3.807420,3.819240,3.830750,3.842130,3.853750,3.866100,3.879330,3.893590,3.908650,3.924100,3.939650,3.955250,3.971230,3.988440,4.007620,4.028630,4.050820,4.073090,4.094320,4.113540,4.130230,4.144580,4.157640,4.171370,4.187970,4.210120,4.239100,4.275700,4.320260,4.371960,4.428240,4.484760,4.536400,4.578890,4.610210,4.630850,4.642780,4.648430,4.650300,4.649590,4.646620,4.641120,4.633370,4.622950,4.609940,4.594810,4.577810,4.559040,4.538460,4.516110,4.492930,4.468610,4.443430,4.417180,4.390330,4.363490,4.336590,4.309680,4.282680,4.255450,4.227780,4.199410,4.170280,4.140450,4.110090,4.079560,4.049380,4.019950,3.991360,3.963520,3.936340,3.909660,3.883450,3.857550,3.832010,3.806810,3.781740,3.756810,60.6000,21.2000,17.8000,high
C034,2.994010,2.992940,2.991990,2.991260,2.990860,2.990960,2.991650,2.993040,2.995150,2.998050,3.001760,3.006310,3.011930,3.018780,3.027000,3.036520,3.047230,3.059150,3.072390,3.086780,3.101670,3.116070,3.129250,3.141110,3.152210,3.163410,3.175770,3.190410,3.208430,3.230040,3.254470,3.280000,3.305270,3.330360,3.356690,3.385990,3.419090,3.455500,3.493800,3.531790,3.566870,3.596610,3.620110,3.638480,3.655040,3.674180,3.699960,3.735780,3.783550,3.844620,3.919500,4.006170,4.100200,4.193860,4.278250,4.347170,4.398330,4.434640,4.460500,4.479410,4.493390,4.504020,4.511750,4.516470,4.517580,4.514820,4.508460,4.498950,4.486440,4.471160,4.453360,4.433590,4.411960,4.388610,4.363430,4.336600,4.308630,4.279870,4.250830,4.221580,4.191900,4.161600,4.130540,4.098360,4.064450,4.028690,3.991580,3.954230,3.917670,3.882590,3.848780,3.815920,3.783720,3.752210,3.721350,3.690940,3.660610,3.629890,3.598810,3.567900,60.6000,25.1000,11.0000,high
C035,3.426860,3.431330,3.435850,3.440460,3.445300,3.450560,3.456370,3.462810,3.469870,3.477580,3.486040,3.495290,3.505500,3.516870,3.529580,3.543550,3.558670,3.574930,3.592550,3.611420,3.630930,3.650040,3.667890,3.684210,3.699530,3.714690,3.730880,3.749370,3.771380,3.797250,3.826150,3.855960,3.885070,3.913380,3.942600,3.974700,4.010440,4.049200,4.089370,4.128400,4.163300,4.191050,4.210550,4.223070,4.232600,4.244290,4.263130,4.292800,4.335190,4.391440,4.461790,4.543970,4.633400,4.722540,4.803150,4.869280,4.919710,4.956590,4.984270,5.005850,5.023370,5.038410,5.049890,5.058200,5.063110,5.064460,5.062270,5.057540,5.050460,5.040660,5.027980,5.012600,4.995180,4.976370,4.955390,4.932660,4.908420,4.883420,4.858610,4.833160,4.806450,4.778860,4.750320,4.720620,4.688470,4.653960,4.617710,4.581140,4.544990,4.510510,4.476910,4.444110,4.411800,4.379960,4.348620,4.317380,4.285910,4.253580,4.220460,4.187210,57.6000,26.5000,11.1000,high
C036,2.673580,2.674340,2.675190,2.676100,2.677120,2.678350,2.679850,2.681660,2.683870,2.686490,2.689530,2.693000,2.696980,2.701550,2.706820,2.712860,2.719630,2.727270,2.735730,2.744800,2.754240,2.763610,2.772500,2.780720,2.788430,2.796050,2.804420,2.814170,2.825710,2.839040,2.853830,2.869460,2.885260,2.900960,2.916970,2.934070,2.953140,2.973790,2.995190,3.016100,3.035070,3.050870,3.062960,3.071830,3.079020,3.086900,3.098090,3.115370,3.139870,3.172310,3.212870,3.260750,3.313780,3.368490,3.420590,3.466060,3.502510,3.529690,3.549090,3.562590,3.572020,3.578670,3.582960,3.585070,3.584880,3.582270,3.577250,3.569990,3.560770,3.549850,3.537340,3.523470,3.508340,3.492210,3.475040,3.457060,3.438510,3.419530,3.400500,3.381450,3.362390,3.343160,3.323550,3.303360,3.282340,3.260370,3.237650,3.214660,3.191990,3.170050,3.149030,3.128780,3.109040,3.089640,3.070510,3.051600,3.032750,3.013800,2.994620,2.975340,53.5000,27.8000,13.2000,high
C037,2.739240,2.740180,2.741270,2.742510,2.743910,2.745580,2.747620,2.750070,2.752890,2.756220,2.759920,2.764150,2.768930,2.774350,2.780480,2.787270,2.794780,2.803090,2.812210,2.822030,2.832230,2.842410,2.852110,2.861110,2.869530,2.877800,2.886570,2.896530,2.908100,2.921440,2.936230,2.951800,2.967490,2.983050,2.998750,3.015460,3.033910,3.053820,3.074220,3.093790,3.111020,3.124650,3.134160,3.140040,3.144040,3.148570,3.156290,3.170180,3.191390,3.220690,3.258170,3.302840,3.352390,3.402860,3.449570,3.488420,3.517270,3.536760,3.548950,3.555990,3.559670,3.561170,3.560910,3.558720,3.554510,3.548230,3.539890,3.529580,3.517480,3.503940,3.489130,3.473210,3.456260,3.438430,3.419780,3.400440,3.380610,3.360620,3.340630,3.320720,3.300830,3.280660,3.260070,3.238840,3.216830,3.193910,3.170220,3.146210,3.122440,3.099340,3.077160,3.055790,3.034950,3.014370,2.993930,2.973570,2.953180,2.932670,2.911910,2.890960,56.0000,29.7000,14.4000,high
C038,3.484510,3.491350,3.498140,3.504890,3.511720,3.518730,3.525900,3.533180,3.540710,3.548490,3.556440,3.564640,3.573170,3.582080,3.591380,3.601120,3.611200,3.621840,3.633090,3.644890,3.657250,3.669840,3.682300,3.694410,3.706170,3.717800,3.729660,3.742190,3.755760,3.770550,3.786300,3.802410,3.818330,3.833920,3.849710,3.866620,3.885360,3.905440,3.925940,3.945480,3.962550,3.975790,3.984470,3.989010,3.990940,3.992680,3.997030,4.006910,4.023300,4.046780,4.077320,4.113880,4.154310,4.195340,4.233340,4.265350,4.289970,4.307570,4.319390,4.327070,4.332200,4.335460,4.337310,4.337450,4.335890,4.332600,4.327580,4.320930,4.312810,4.303430,4.292990,4.281490,4.269070,4.255900,4.242040,4.227490,4.212550,4.197490,4.182450,4.167480,4.152540,4.137450,4.121980,4.105750,4.088490,4.070080,4.050710,4.030940,4.011450,3.992550,3.974220,3.956340,3.938650,3.920980,3.903260,3.885470,3.867410,3.848850,3.829570,3.809730,50.3000,30.4000,19.2000,high
C039,3.322890,3.329880,3.336710,3.343510,3.350410,3.357520,3.364780,3.372180,3.379920,3.388020,3.396390,3.405000,3.413960,3.423460,3.433600,3.444240,3.455200,3.466740,3.479310,3.492550,3.506310,3.520390,3.534510,3.548390,3.561810,3.574810,3.587680,3.601410,3.616640,3.633520,3.651870,3.671020,3.690250,3.709220,3.728140,3.747790,3.769190,3.792530,3.816810,3.840670,3.862550,3.880850,3.894360,3.902960,3.907890,3.911490,3.916760,3.926790,3.944250,3.969630,4.003170,4.044370,4.091330,4.140510,4.187500,4.228470,4.261290,4.285820,4.303270,4.315390,4.323910,4.330070,4.334610,4.337670,4.338690,4.337610,4.334480,4.329620,4.323240,4.315280,4.305880,4.295400,4.284110,4.272090,4.259020,4.245160,4.230580,4.215760,4.201140,4.186730,4.172100,4.157270,4.142390,4.127130,4.110840,4.093160,4.074200,4.054650,4.035410,4.016940,3.999170,3.981820,3.964730,3.947940,3.931320,3.914630,3.897640,3.880280,3.862390,3.843930,52.5000,31.5000,16.0000,high
C040,3.098120,3.102920,3.107750,3.112640,3.117620,3.122760,3.128140,3.133850,3.139900,3.146390,3.153200,3.160370,3.168010,3.176160,3.184900,3.194350,3.204410,3.215040,3.226480,3.238770,3.251910,3.265470,3.279030,3.292220,3.304890,3.317210,3.329540,3.342620,3.357290,3.374000,3.392560,3.412180,3.431860,3.451090,3.470120,3.489880,3.511320,3.534740,3.559000,3.582510,3.603340,3.619440,3.629290,3.632730,3.631300,3.627930,3.626160,3.629190,3.640000,3.659370,3.687490,3.723650,3.765840,3.810630,3.853870,3.891730,3.921840,3.943870,3.959190,3.969570,3.976700,3.981490,3.984590,3.986110,3.985880,3.983730,3.979700,3.973960,3.966650,3.957930,3.947950,3.936880,3.924870,3.912000,3.898350,3.883990,3.868890,3.853400,3.837970,3.822810,3.807710,3.792530,3.777060,3.761040,3.743910,3.725270,3.705200,3.684290,3.663450,3.643300,3.624040,3.605500,3.587350,3.569350,3.551310,3.533150,3.514640,3.495390,3.475180,3.454120,49.5000,35.2000,15.2000,high
C041,3.494230,3.503120,3.511940,3.520750,3.529620,3.538650,3.547850,3.557200,3.566780,3.576690,3.586760,3.597080,3.607820,3.619030,3.630750,3.643000,3.655710,3.669000,3.682870,3.697350,3.712380,3.727570,3.742560,3.757140,3.771290,3.785110,3.799180,3.814160,3.830680,3.848890,3.868390,3.888500,3.908550,3.928170,3.947810,3.968390,3.990730,4.014390,4.038170,4.060400,4.079230,4.092970,4.100730,4.102840,4.101130,4.098620,4.098600,4.104440,4.117220,4.137390,4.164580,4.197840,4.235100,4.273350,4.309280,4.340140,4.364540,4.382740,4.396010,4.405920,4.413750,4.420000,4.424890,4.428270,4.430250,4.430710,4.429590,4.427060,4.423280,4.418300,4.412240,4.405250,4.397480,4.388970,4.379690,4.369510,4.359200,4.348450,4.337650,4.326700,4.315710,4.304740,4.293330,4.281210,4.267950,4.253360,4.237640,4.221260,4.204970,4.189350,4.174430,4.159950,4.145640,4.131400,4.117100,4.102450,4.087140,4.071150,4.054200,4.036460,49.1000,35.8000,15.2000,high
C042,2.928510,2.930170,2.931870,2.933700,2.935780,2.938200,2.941000,2.944170,2.947830,2.952040,2.956780,2.962010,2.967880,2.974550,2.982110,2.990570,2.999890,3.010230,3.021580,3.034010,3.047200,3.060660,3.073790,3.086200,3.097950,3.109470,3.121660,3.135600,3.152010,3.171100,3.192360,3.214710,3.236960,3.258480,3.279750,3.301760,3.325500,3.350200,3.374230,3.395350,3.411090,3.419440,3.419590,3.412410,3.400570,3.387970,3.378640,3.376680,3.383450,3.399640,3.425000,3.458170,3.496580,3.536520,3.573940,3.605430,3.629230,3.645590,3.656020,3.662300,3.665880,3.667740,3.668130,3.667100,3.664440,3.660120,3.654150,3.646660,3.637900,3.628110,3.617440,3.606060,3.594130,3.581680,3.568620,3.555140,3.541350,3.527680,3.514360,3.501470,3.488900,3.476260,3.463240,3.449450,3.434480,3.418110,3.400450,3.382170,3.364120,3.346920,3.330790,3.315430,3.300390,3.285360,3.270060,3.254270,3.237690,3.219950,3.200920,3.180880,42.2000,43.8000,13.3000,high
C043,3.935800,3.942660,3.949680,3.956930,3.964510,3.972510,3.981000,3.990080,3.999870,4.010440,4.021560,4.033510,4.046440,4.060520,4.075840,4.092380,4.110190,4.129480,4.150430,4.173000,4.196510,4.220210,4.243250,4.264990,4.285490,4.305550,4.326650,4.350830,4.378800,4.411030,4.446590,4.483810,4.520730,4.555990,4.589940,4.623950,4.659800,4.696800,4.732000,4.761940,4.782500,4.790900,4.786670,4.771760,4.750300,4.728290,4.711320,4.705050,4.711000,4.729920,4.761390,4.803650,4.853140,4.904520,4.952330,4.992460,5.022870,5.044470,5.058910,5.067600,5.073680,5.076940,5.078650,5.078420,5.076620,5.073250,5.067580,5.059600,5.050170,5.040020,5.029250,5.017480,5.004780,4.991530,4.977730,4.962940,4.947910,4.932850,4.918650,4.905190,4.892140,4.879310,4.865740,4.850630,4.833500,4.814400,4.793820,4.772190,4.750460,4.729860,4.710650,4.692370,4.674270,4.655720,4.636340,4.615850,4.593750,4.569880,4.544060,4.516440,40.2000,48.2000,11.0000,high
C044,4.237280,4.247210,4.257370,4.267730,4.278470,4.289680,4.301330,4.313310,4.325870,4.339270,4.353300,4.368110,4.383820,4.400590,4.418510,4.437620,4.457930,4.479860,4.503210,4.528040,4.553940,4.580150,4.605770,4.630060,4.652970,4.675470,4.698990,4.725110,4.754830,4.788720,4.825910,4.864660,4.903020,4.939740,4.975460,5.011700,5.048780,5.085530,5.121140,5.152560,5.175830,5.187160,5.185290,5.172510,5.153240,5.132390,5.116920,5.111160,5.116960,5.135110,5.165450,5.205610,5.251660,5.299210,5.344050,5.382400,5.411830,5.432690,5.446970,5.454670,5.459220,5.461710,5.464380,5.466380,5.467120,5.465410,5.460290,5.452600,5.444670,5.437050,5.427660,5.416630,5.406140,5.395650,5.384250,5.369920,5.356110,5.342740,5.330400,5.318250,5.306900,5.295430,5.283910,5.271650,5.257170,5.239970,5.220080,5.199510,5.179870,5.161480,5.144620,5.128190,5.111870,5.095180,5.077600,5.058950,5.038260,5.015710,4.991070,4.965430,39.5000,48.5000,12.0000,high
C045,2.840770,2.841380,2.842160,2.843210,2.844680,2.846610,2.849040,2.852120,2.855910,2.860560,2.865880,2.872030,2.879210,2.887630,2.897470,2.908850,2.921670,2.936000,2.951820,2.968880,2.986590,3.004040,3.020310,3.034920,3.048100,3.060840,3.074830,3.091600,3.112030,3.136440,3.164180,3.193720,3.223220,3.251530,3.278890,3.306590,3.336040,3.366560,3.395920,3.421060,3.438550,3.445500,3.440670,3.425390,3.403510,3.380410,3.361500,3.351910,3.353090,3.365710,3.389400,3.422740,3.462950,3.506000,3.547190,3.582480,3.609550,3.628630,3.641310,3.649520,3.654930,3.658510,3.660650,3.661010,3.659740,3.656770,3.652160,3.646040,3.638700,3.630430,3.621270,3.611300,3.600730,3.589710,3.578310,3.566390,3.554140,3.541920,3.530180,3.519070,3.508480,3.497940,3.486990,3.475090,3.461630,3.446190,3.428900,3.410620,3.392530,3.375540,3.359890,3.345270,3.331010,3.316590,3.301690,3.286030,3.269190,3.250470,3.229760,3.207610,39.3000,49.1000,13.1000,high
C046,2.866570,2.871220,2.875840,2.880430,2.884970,2.889530,2.894180,2.898950,2.903820,2.908770,2.913800,2.918940,2.924200,2.929550,2.935040,2.940680,2.946460,2.952380,2.958460,2.964710,2.971120,2.977560,2.983940,2.990190,2.996310,3.002320,3.008290,3.014230,3.020230,3.026330,3.032500,3.038640,3.044740,3.051070,3.058030,3.065970,3.075110,3.085520,3.097200,3.109920,3.123400,3.137360,3.151550,3.165990,3.180990,3.197130,3.215110,3.235780,3.259910,3.288360,3.321670,3.359140,3.398830,3.437320,3.470980,3.497390,3.516080,3.528380,3.536170,3.541020,3.543820,3.545100,3.545070,3.543550,3.540420,3.535600,3.529130,3.521150,3.511720,3.501040,3.489240,3.476440,3.462740,3.448250,3.433030,3.417220,3.400950,3.384350,3.367550,3.350510,3.333250,3.315750,3.298000,3.279870,3.261330,3.242410,3.223300,3.204250,3.185430,3.166930,3.148730,3.130840,3.113220,3.095930,3.079060,3.062680,3.046790,3.031280,3.016090,3.001200,72.5000,8.2000,19.3000,low
C047,2.990820,2.996190,3.001480,3.006750,3.011980,3.017240,3.022540,3.027930,3.033390,3.038970,3.044650,3.050420,3.056270,3.062240,3.068360,3.074650,3.081060,3.087630,3.094400,3.101410,3.108550,3.115700,3.122750,3.129660,3.136440,3.143090,3.149660,3.156260,3.163040,3.170040,3.177170,3.184240,3.191250,3.198450,3.206250,3.215070,3.225140,3.236530,3.249200,3.262770,3.276880,3.291130,3.305300,3.319460,3.334010,3.349670,3.367330,3.387980,3.412430,3.441520,3.475730,3.514410,3.555520,3.595570,3.630750,3.658510,3.678390,3.691700,3.700390,3.706040,3.709550,3.711590,3.712190,3.711380,3.708870,3.704600,3.698640,3.691090,3.682120,3.671860,3.660460,3.648070,3.634760,3.620520,3.605530,3.589910,3.573830,3.557460,3.540880,3.524070,3.507000,3.489680,3.472060,3.454040,3.435510,3.416520,3.397290,3.378030,3.359020,3.340340,3.322000,3.303930,3.286070,3.268530,3.251350,3.234630,3.218320,3.202310,3.186560,3.171050,70.3000,11.0000,19.3000,low
C048,2.154990,2.154500,2.153930,2.153420,2.153000,2.152630,2.152300,2.152090,2.152140,2.152320,2.152650,2.153050,2.153560,2.154240,2.155140,2.156230,2.157480,2.158900,2.160580,2.162510,2.164710,2.167030,2.169410,2.171810,2.174180,2.176610,2.179000,2.181220,2.183250,2.185110,2.186900,2.188850,2.191170,2.194090,2.197970,2.203150,2.210310,2.219500,2.230880,2.244460,2.260090,2.277650,2.297100,2.318390,2.341550,2.366630,2.393970,2.424500,2.458900,2.497830,2.541600,2.589400,2.639170,2.687680,2.731330,2.767380,2.794850,2.814540,2.828380,2.838130,2.845250,2.850470,2.854030,2.855860,2.855890,2.853890,2.849850,2.843960,2.836370,2.827220,2.816690,2.804760,2.791610,2.777340,2.762160,2.746160,2.729480,2.712280,2.694520,2.676360,2.657820,2.638870,2.619470,2.599560,2.579210,2.558530,2.537630,2.516730,2.495980,2.475410,2.455060,2.434950,2.415180,2.395860,2.377150,2.359070,2.341730,2.325140,2.309340,2.294180,76.6000,0.9000,21.2000,low
C049,2.248520,2.248900,2.249280,2.249720,2.250240,2.250860,2.251660,2.252600,2.253670,2.254980,2.256420,2.258100,2.259950,2.261950,2.264110,2.266440,2.268960,2.271800,2.274900,2.278200,2.281700,2.285310,2.289020,2.292830,2.296630,2.300340,2.303960,2.307500,2.311050,2.314550,2.318020,2.321490,2.325060,2.328960,2.333510,2.339110,2.346170,2.354730,2.364770,2.376320,2.389250,2.403400,2.418600,2.434780,2.451960,2.470440,2.490660,2.513660,2.539990,2.570330,2.604960,2.643450,2.684250,2.724620,2.761240,2.791270,2.813290,2.827830,2.836580,2.841260,2.843330,2.843540,2.842220,2.839260,2.834610,2.828200,2.820000,2.810110,2.798660,2.785760,2.771600,2.756310,2.739930,2.722600,2.704460,2.685620,2.666180,2.646300,2.626110,2.605670,2.584940,2.563890,2.542450,2.520620,2.498430,2.475970,2.453310,2.430630,2.408110,2.385860,2.363960,2.342390,2.321210,2.300430,2.280180,2.260580,2.241710,2.223520,2.206020,2.189130,74.0000,3.6000,21.6000,low
C050,2.626590,2.628270,2.629980,2.631680,2.633450,2.635340,2.637370,2.639520,2.641800,2.644200,2.646770,2.649480,2.652350,2.655330,2.658440,2.661750,2.665130,2.668750,2.672580,2.676610,2.680790,2.685090,2.689420,2.693700,2.697940,2.702250,2.706430,2.710560,2.714600,2.718560,2.722480,2.726430,2.730480,2.734800,2.739640,2.745300,2.752260,2.760520,2.770110,2.780950,2.792990,2.806070,2.820050,2.834930,2.850850,2.868000,2.886770,2.908100,2.932560,2.960840,2.993220,3.029120,3.066900,3.103910,3.137110,3.164020,3.183610,3.196420,3.204060,3.208060,3.209580,3.209410,3.207760,3.204590,3.199850,3.193400,3.185250,3.175490,3.164220,3.151610,3.137810,3.122890,3.106990,3.090140,3.072470,3.054120,3.035180,3.015870,2.996220,2.976320,2.956090,2.935530,2.914640,2.893380,2.871770,2.849860,2.827780,2.805670,2.783710,2.762020,2.740620,2.719490,2.698680,2.678280,2.658340,2.638970,2.620240,2.602160,2.584730,2.567800,75.1000,3.9000,21.2000,low
C051,3.132030,3.141170,3.150150,3.158990,3.167740,3.176420,3.185040,3.193600,3.202140,3.210660,3.219130,3.227590,3.236060,3.244540,3.253040,3.261570,3.270140,3.278790,3.287500,3.296340,3.305200,3.314080,3.322970,3.331810,3.340550,3.349260,3.357770,3.366190,3.374470,3.382640,3.390720,3.398720,3.406720,3.414910,3.423500,3.432770,3.443090,3.454560,3.467170,3.480940,3.495840,3.511810,3.528730,3.546490,3.565130,3.584820,3.605960,3.629210,3.655080,3.684110,3.716680,3.752540,3.790610,3.828910,3.864990,3.896590,3.922260,3.941980,3.956680,3.967540,3.975730,3.981990,3.986520,3.989420,3.990710,3.990270,3.988130,3.984330,3.978930,3.972110,3.964020,3.954790,3.944500,3.933320,3.921230,3.908450,3.895050,3.881290,3.867230,3.852870,3.838210,3.823260,3.808040,3.792540,3.776680,3.760550,3.744290,3.727990,3.711760,3.695700,3.679870,3.664300,3.648990,3.633920,3.619120,3.604740,3.590850,3.577450,3.564380,3.551590,69.8000,4.0000,21.3000,low
C052,2.486190,2.486020,2.485840,2.485680,2.485550,2.485530,2.485670,2.485950,2.486370,2.487010,2.487830,2.488830,2.490030,2.491410,2.492980,2.494780,2.496770,2.499090,2.501720,2.504550,2.507500,2.510520,2.513580,2.516660,2.519700,2.522730,2.525700,2.528780,2.531910,2.535170,2.538530,2.541980,2.545670,2.549840,2.554790,2.560920,2.568760,2.578370,2.589700,2.602690,2.617150,2.632930,2.649880,2.667950,2.687280,2.708230,2.731370,2.757770,2.788160,2.823230,2.863340,2.907840,2.954820,3.001150,3.043120,3.077690,3.103570,3.121410,3.133110,3.140600,3.145310,3.148140,3.149380,3.148930,3.146610,3.142390,3.136250,3.128270,3.118640,3.107530,3.095060,3.081360,3.066490,3.050580,3.033800,3.016260,2.998050,2.979420,2.960420,2.941110,2.921440,2.901410,2.881040,2.860260,2.839060,2.817530,2.795760,2.773960,2.752340,2.731020,2.710060,2.689480,2.669230,2.649400,2.630130,2.611510,2.593600,2.576360,2.559770,2.543830,74.6000,5.1000,19.6000,low
C053,2.347790,2.348360,2.348980,2.349670,2.350390,2.351200,2.352200,2.353430,2.354830,2.356400,2.358150,2.360060,2.362180,2.364490,2.366980,2.369670,2.372530,2.375710,2.379220,2.382950,2.386870,2.390930,2.395080,2.399260,2.403420,2.407560,2.411650,2.415620,2.419570,2.423560,2.427550,2.431560,2.435690,2.440150,2.445290,2.451500,2.459230,2.468590,2.479490,2.491870,2.505540,2.520300,2.535990,2.552560,2.570080,2.588890,2.609540,2.633120,2.660310,2.691780,2.727860,2.768010,2.810550,2.852640,2.890790,2.921980,2.944870,2.959950,2.968940,2.973710,2.975640,2.975670,2.974060,2.970780,2.965720,2.958800,2.949990,2.939430,2.927270,2.913650,2.898720,2.882560,2.865290,2.847110,2.828100,2.808370,2.788100,2.767420,2.746450,2.725210,2.703690,2.681860,2.659700,2.637170,2.614230,2.590960,2.567510,2.544070,2.520830,2.497910,2.475350,2.453160,2.431340,2.409960,2.389140,2.369000,2.349590,2.330900,2.312800,2.295290,73.1000,5.2000,20.7000,low
C054,2.506880,2.507830,2.508800,2.509850,2.511010,2.512290,2.513690,2.515230,2.516920,2.518880,2.521030,2.523310,2.525760,2.528410,2.531220,2.534230,2.537520,2.540950,2.544650,2.548590,2.552740,2.557030,2.561400,2.565790,2.570160,2.574490,2.578800,2.583100,2.587340,2.591560,2.595750,2.599960,2.604280,2.608860,2.613960,2.619850,2.627020,2.635510,2.645240,2.656240,2.668310,2.681280,2.695030,2.709500,2.724790,2.741160,2.759110,2.779590,2.803130,2.830510,2.862000,2.897120,2.934440,2.971420,3.004820,3.031910,3.051430,3.063860,3.070770,3.073710,3.074020,3.072520,3.069480,3.064920,3.058690,3.050750,3.041060,3.029700,3.016810,3.002530,2.986990,2.970300,2.952660,2.934060,2.914680,2.894600,2.873930,2.852850,2.831470,2.809860,2.787940,2.765710,2.743170,2.720260,2.697010,2.673510,2.649860,2.626210,2.602730,2.579530,2.556690,2.534220,2.512170,2.490560,2.469470,2.448950,2.429140,2.410020,2.391560,2.373740,74.5000,5.2000,20.2000,low
C055,2.573290,2.574690,2.576070,2.577520,2.579010,2.580590,2.582290,2.584100,2.586070,2.588210,2.590520,2.592980,2.595570,2.598280,2.601140,2.604220,2.607490,2.611060,2.614760,2.618660,2.622750,2.626980,2.631260,2.635510,2.639660,2.643660,2.647680,2.651660,2.655660,2.659620,2.663580,2.667580,2.671720,2.676220,2.681390,2.687570,2.695200,2.704340,2.715010,2.727080,2.740390,2.754680,2.769770,2.785680,2.802540,2.820790,2.840950,2.864130,2.890930,2.922080,2.957800,2.997510,3.039450,3.080730,3.118050,3.148680,3.171410,3.186900,3.196790,3.202730,3.206040,3.207510,3.207420,3.205770,3.202370,3.197160,3.190110,3.181340,3.171020,3.159250,3.146160,3.131870,3.116450,3.100090,3.082880,3.064950,3.046410,3.027380,3.008030,2.988370,2.968350,2.948010,2.927330,2.906230,2.884680,2.862770,2.840680,2.818550,2.796560,2.774810,2.753380,2.732260,2.711490,2.691110,2.671210,2.651910,2.633190,2.615100,2.597550,2.580540,73.4000,5.6000,20.5000,low
C056,2.503560,2.503430,2.503340,2.503270,2.503220,2.503250,2.503410,2.503740,2.504220,2.504880,2.505750,2.506810,2.508050,2.509470,2.511070,2.512860,2.514880,2.517220,2.519840,2.522650,2.525620,2.528690,2.531770,2.534790,2.537780,2.540790,2.543760,2.546760,2.549870,2.553100,2.556430,2.559880,2.563570,2.567680,2.572590,2.578730,2.586660,2.596340,2.607770,2.620870,2.635480,2.651390,2.668450,2.686630,2.706080,2.727160,2.750500,2.777240,2.808120,2.843850,2.884710,2.930030,2.977890,3.025050,3.067750,3.102920,3.129200,3.147410,3.159370,3.167070,3.172140,3.175250,3.176670,3.176390,3.174240,3.170180,3.164180,3.156350,3.146840,3.135770,3.123300,3.109550,3.094680,3.078810,3.062010,3.044420,3.026100,3.007310,2.988180,2.968720,2.948960,2.928790,2.908230,2.887200,2.865750,2.843960,2.821950,2.799910,2.778010,2.756360,2.735080,2.714160,2.693650,2.673540,2.653940,2.634970,2.616720,2.599160,2.582250,2.565930,74.2000,5.6000,19.5000,low
C057,2.590010,2.592260,2.594530,2.596820,2.599090,2.601360,2.603720,2.606210,2.608870,2.611640,2.614490,2.617410,2.620490,2.623710,2.627040,2.630520,2.634170,2.637960,2.641960,2.646170,2.650550,2.655010,2.659440,2.663820,2.668140,2.672400,2.676620,2.680740,2.684880,2.689000,2.693130,2.697300,2.701570,2.706110,2.711250,2.717340,2.724820,2.733690,2.743980,2.755560,2.768270,2.781900,2.796310,2.811500,2.827610,2.845040,2.864350,2.886610,2.912410,2.942330,2.976610,3.014620,3.054660,3.093980,3.129500,3.158810,3.180950,3.196490,3.207140,3.214410,3.219460,3.222930,3.224950,3.225500,3.224420,3.221650,3.217200,3.211160,3.203610,3.194620,3.184310,3.172770,3.160140,3.146480,3.131860,3.116410,3.100240,3.083540,3.066350,3.048770,3.030750,3.012300,2.993350,2.973890,2.953930,2.933510,2.912800,2.891930,2.871110,2.850460,2.830040,2.809880,2.789950,2.770310,2.751080,2.732340,2.714150,2.696520,2.679420,2.662740,73.6000,6.0000,20.1000,low
C058,2.240770,2.240640,2.240460,2.240350,2.240290,2.240310,2.240450,2.240750,2.241200,2.241870,2.242740,2.243810,2.245080,2.246560,2.248240,2.250140,2.252300,2.254740,2.257520,2.260590,2.263900,2.267410,2.270960,2.274500,2.278040,2.281490,2.285010,2.288480,2.292110,2.295870,2.299770,2.303800,2.307990,2.312490,2.317660,2.323920,2.331630,2.341330,2.352830,2.366040,2.380710,2.396600,2.413460,2.431190,2.449940,2.470110,2.492240,2.517080,2.546010,2.579580,2.618390,2.662160,2.709350,2.757050,2.801560,2.839550,2.869150,2.890500,2.905180,2.915080,2.921870,2.926340,2.929080,2.930140,2.929380,2.926730,2.922150,2.915700,2.907550,2.897830,2.886710,2.874340,2.860820,2.846230,2.830660,2.814310,2.797290,2.779770,2.761890,2.743680,2.725130,2.706280,2.687060,2.667390,2.647300,2.626760,2.605810,2.584720,2.563750,2.543050,2.522690,2.502660,2.482950,2.463580,2.444660,2.426340,2.408670,2.391640,2.375200,2.359300,72.5000,6.4000,20.9000,low
C059,2.286300,2.286890,2.287450,2.288000,2.288640,2.289400,2.290220,2.291140,2.292270,2.293580,2.295040,2.296690,2.298490,2.300440,2.302590,2.304980,2.307610,2.310470,2.313650,2.317090,2.320700,2.324420,2.328170,2.331850,2.335470,2.339040,2.342650,2.346300,2.350090,2.353950,2.357910,2.362020,2.366360,2.371160,2.376770,2.383590,2.392090,2.402350,2.414300,2.427790,2.442600,2.458490,2.475290,2.493010,2.511860,2.532320,2.555030,2.581170,2.611340,2.646150,2.685800,2.729620,2.775640,2.820770,2.861510,2.895070,2.920380,2.938190,2.950210,2.958370,2.963870,2.967540,2.969640,2.970120,2.968920,2.965900,2.961000,2.954390,2.946210,2.936560,2.925680,2.913650,2.900540,2.886490,2.871570,2.855990,2.839800,2.823250,2.806370,2.789220,2.771760,2.753960,2.735820,2.717300,2.698380,2.679070,2.659530,2.639970,2.620560,2.601420,2.582610,2.564140,2.546020,2.528280,2.511000,2.494290,2.478220,2.462710,2.447690,2.433200,72.5000,6.4000,20.9000,low
C060,2.900990,2.905680,2.910250,2.914830,2.919480,2.924250,2.929110,2.933980,2.938870,2.944080,2.949460,2.955010,2.960660,2.966370,2.972160,2.978210,2.984550,2.991100,2.997840,3.004770,3.011850,3.019080,3.026430,3.033760,3.040950,3.048000,3.054910,3.061830,3.068830,3.075910,3.083000,3.090070,3.097160,3.104580,3.112770,3.122130,3.133180,3.145920,3.160300,3.176240,3.193530,3.211970,3.231330,3.251490,3.272620,3.295050,3.319620,3.347640,3.379740,3.416770,3.459090,3.506290,3.556570,3.606740,3.652830,3.691380,3.720820,3.741240,3.754600,3.763140,3.768640,3.771930,3.773170,3.772670,3.770100,3.765410,3.758610,3.749820,3.739230,3.726980,3.713200,3.698090,3.681650,3.664170,3.645790,3.626560,3.606570,3.586130,3.565380,3.544250,3.522660,3.500720,3.478510,3.455860,3.432710,3.409110,3.385160,3.361080,3.337190,3.313690,3.290600,3.267830,3.245370,3.223280,3.201730,3.180830,3.160570,3.140970,3.121950,3.103380,72.7000,6.4000,20.4000,low
C061,2.677050,2.678720,2.680460,2.682190,2.683990,2.685880,2.687850,2.689940,2.692180,2.694650,2.697300,2.700060,2.702940,2.705980,2.709200,2.712620,2.716210,2.720090,2.724160,2.728500,2.732980,2.737550,2.742150,2.746730,2.751220,2.755670,2.760010,2.764390,2.768760,2.773160,2.777650,2.782200,2.786850,2.791800,2.797350,2.803890,2.811830,2.821270,2.832060,2.844150,2.857300,2.871350,2.886130,2.901590,2.917960,2.935620,2.955160,2.977780,3.004080,3.034760,3.069990,3.109210,3.150710,3.191650,3.228680,3.259050,3.281490,3.296540,3.305900,3.311240,3.313960,3.314830,3.314120,3.311780,3.307690,3.301760,3.293990,3.284480,3.273370,3.260850,3.247000,3.231910,3.215720,3.198590,3.180590,3.161830,3.142490,3.122660,3.102520,3.082050,3.061270,3.040160,3.018670,2.996760,2.974400,2.951660,2.928700,2.905700,2.882840,2.860240,2.837970,2.816030,2.794420,2.773200,2.752490,2.732300,2.712730,2.693780,2.675360,2.657430,72.5000,6.6000,20.4000,low
C062,2.677050,2.678720,2.680460,2.682190,2.683990,2.685880,2.687850,2.689940,2.692180,2.694650,2.697300,2.700060,2.702940,2.705980,2.709200,2.712620,2.716210,2.720090,2.724160,2.728500,2.732980,2.737550,2.742150,2.746730,2.751220,2.755670,2.760010,2.764390,2.768760,2.773160,2.777650,2.782200,2.786850,2.791800,2.797350,2.803890,2.811830,2.821270,2.832060,2.844150,2.857300,2.871350,2.886130,2.901590,2.917960,2.935620,2.955160,2.977780,3.004080,3.034760,3.069990,3.109210,3.150710,3.191650,3.228680,3.259050,3.281490,3.296540,3.305900,3.311240,3.313960,3.314830,3.314120,3.311780,3.307690,3.301760,3.293990,3.284480,3.273370,3.260850,3.247000,3.231910,3.215720,3.198590,3.180590,3.161830,3.142490,3.122660,3.102520,3.082050,3.061270,3.040160,3.018670,2.996760,2.974400,2.951660,2.928700,2.905700,2.882840,2.860240,2.837970,2.816030,2.794420,2.773200,2.752490,2.732300,2.712730,2.693780,2.675360,2.657430,72.5000,6.6000,20.4000,low
C063,2.829350,2.831200,2.833140,2.835120,2.837250,2.839540,2.842010,2.844700,2.847640,2.850800,2.854220,2.857870,2.861770,2.865880,2.870230,2.874840,2.879730,2.884980,2.890570,2.896420,2.902550,2.908830,2.915190,2.921580,2.927870,2.934080,2.940280,2.946430,2.952660,2.958930,2.965220,2.971560,2.978000,2.984730,2.992070,3.000430,3.010360,3.021830,3.034870,3.049250,3.064720,3.080980,3.097790,3.115140,3.133230,3.152510,3.173670,3.198080,3.226450,3.259560,3.297760,3.340620,3.386330,3.431750,3.473010,3.506680,3.531090,3.546650,3.555480,3.559530,3.560410,3.559030,3.555810,3.550700,3.543530,3.534320,3.523110,3.509950,3.494950,3.478180,3.459950,3.440360,3.419530,3.397710,3.374900,3.351270,3.326920,3.302110,3.277060,3.251670,3.225990,3.199930,3.173460,3.146540,3.119130,3.091270,3.063170,3.035080,3.007210,2.979700,2.952590,2.925930,2.899750,2.874040,2.848980,2.824620,2.801010,2.778130,2.755950,2.734340,71.5000,6.7000,21.5000,low
C064,2.602650,2.603270,2.603900,2.604480,2.605110,2.605840,2.606670,2.607580,2.608700,2.610000,2.611480,2.613120,2.614890,2.616810,2.618920,2.621230,2.623820,2.626730,2.629890,2.633290,2.636870,2.640510,2.644160,2.647750,2.651220,2.654710,2.658160,2.661690,2.665340,2.669140,2.673090,2.677160,2.681440,2.686150,2.691620,2.698260,2.706600,2.716730,2.728620,2.742060,2.756860,2.772800,2.789730,2.807640,2.826780,2.847520,2.870580,2.897200,2.927980,2.963650,3.004510,3.049960,3.098100,3.145800,3.189330,3.225590,3.253160,3.272620,3.285800,3.294610,3.300520,3.304560,3.306860,3.307450,3.306170,3.302910,3.297710,3.290650,3.281870,3.271560,3.259830,3.246760,3.232500,3.217290,3.201150,3.184160,3.166550,3.148420,3.129900,3.111070,3.091910,3.072380,3.052430,3.032030,3.011200,2.989980,2.968470,2.946880,2.925450,2.904300,2.883490,2.863030,2.842940,2.823240,2.804000,2.785340,2.767310,2.749970,2.733180,2.716950,72.6000,6.8000,19.6000,low
C065,2.361490,2.361590,2.361690,2.361770,2.361900,2.362110,2.362460,2.363040,2.363750,2.364650,2.365700,2.367020,2.368540,2.370230,2.372130,2.374290,2.376760,2.379570,2.382670,2.386060,2.389620,2.393240,2.396880,2.400460,2.403940,2.407320,2.410680,2.414160,2.417770,2.421560,2.425480,2.429550,2.433870,2.438710,2.444460,2.451550,2.460630,2.471580,2.484390,2.498900,2.514790,2.531840,2.549910,2.568980,2.589320,2.611470,2.636140,2.664710,2.697810,2.736050,2.779740,2.827970,2.878560,2.928090,2.972720,3.009500,3.037310,3.056930,3.070510,3.080030,3.086750,3.091530,3.094590,3.095940,3.095400,3.092810,3.088260,3.081830,3.073580,3.063730,3.052430,3.039820,3.025940,3.010920,2.994930,2.978060,2.960330,2.942100,2.923470,2.904470,2.885010,2.865040,2.844600,2.823630,2.802130,2.780150,2.757870,2.735470,2.713180,2.691190,2.669510,2.648170,2.627170,2.606550,2.586470,2.567030,2.548230,2.530090,2.512560,2.495580,72.5000,6.9000,20.2000,low
C066,2.816360,2.818160,2.819870,2.821570,2.823260,2.825010,2.826890,2.828950,2.831110,2.833540,2.836100,2.838820,2.841760,2.844910,2.848290,2.851940,2.855880,2.860180,2.864810,2.869760,2.874970,2.880350,2.885760,2.891110,2.896370,2.901610,2.906960,2.912310,2.917840,2.923530,2.929370,2.935370,2.941620,2.948310,2.955910,2.964960,2.976050,2.989260,3.004550,3.021770,3.040660,3.060970,3.082430,3.105010,3.128950,3.154680,3.183000,3.215240,3.252220,3.294660,3.343020,3.396760,3.453970,3.511340,3.564720,3.610330,3.646110,3.672250,3.690720,3.703470,3.712280,3.718550,3.722470,3.724130,3.723430,3.720290,3.714720,3.706790,3.696630,3.684480,3.670660,3.655240,3.638340,3.620110,3.600750,3.580440,3.559360,3.537710,3.515620,3.493190,3.470390,3.447170,3.423510,3.399350,3.374700,3.349570,3.324120,3.298650,3.273390,3.248530,3.224110,3.200100,3.176530,3.153460,3.131010,3.109320,3.088400,3.068220,3.048690,3.029790,69.1000,7.0000,20.5000,low
C067,2.246780,2.246360,2.245900,2.245480,2.245140,2.244910,2.244800,2.244770,2.244930,2.245320,2.245920,2.246630,2.247500,2.248580,2.249890,2.251410,2.253220,2.255280,2.257640,2.260250,2.263030,2.265870,2.268670,2.271390,2.274010,2.276550,2.279160,2.281940,2.284890,2.287980,2.291210,2.294580,2.298150,2.302160,2.306880,2.312720,2.320130,2.329090,2.339560,2.351350,2.364200,2.377890,2.392270,2.407380,2.423460,2.441080,2.460890,2.484090,2.511230,2.542860,2.579110,2.619290,2.661470,2.702700,2.739720,2.769990,2.792580,2.808290,2.818880,2.825940,2.830570,2.833590,2.835170,2.835250,2.833730,2.830460,2.825460,2.818850,2.810800,2.801420,2.790780,2.779020,2.766180,2.752390,2.737780,2.722500,2.706550,2.690110,2.673330,2.656270,2.638910,2.621170,2.603000,2.584380,2.565310,2.545840,2.526100,2.506290,2.486600,2.467160,2.448000,2.429160,2.410670,2.392520,2.374820,2.357600,2.340950,2.324850,2.309260,2.294130,72.8000,7.2000,19.5000,low
C068,2.579880,2.582380,2.584840,2.587380,2.590000,2.592730,2.595570,2.598520,2.601640,2.604960,2.608550,2.612320,2.616260,2.620360,2.624640,2.629170,2.633960,2.638980,2.644260,2.649820,2.655630,2.661610,2.667640,2.673590,2.679420,2.685150,2.690920,2.696760,2.702740,2.708820,2.714990,2.721200,2.727550,2.734210,2.741420,2.749620,2.759280,2.770420,2.782990,2.796810,2.811610,2.827010,2.842790,2.858940,2.875700,2.893600,2.913410,2.936300,2.962980,2.994200,3.030310,3.070900,3.114300,3.157590,3.197180,3.229880,3.254200,3.270570,3.280700,3.286500,3.289370,3.290290,3.289510,3.287120,3.283020,3.276980,3.268990,3.259190,3.247760,3.234830,3.220590,3.205180,3.188640,3.171040,3.152550,3.133410,3.113650,3.093500,3.073040,3.052280,3.031190,3.009850,2.988150,2.966070,2.943570,2.920650,2.897400,2.874070,2.850950,2.828210,2.805910,2.783980,2.762370,2.741180,2.720480,2.700400,2.680960,2.662080,2.643720,2.625810,72.7000,7.2000,18.9000,low
C069,2.671830,2.673720,2.675550,2.677390,2.679330,2.681390,2.683580,2.685830,2.688220,2.690830,2.693590,2.696540,2.699630,2.702880,2.706280,2.709890,2.713750,2.717880,2.722200,2.726740,2.731490,2.736350,2.741240,2.746070,2.750820,2.755460,2.759990,2.764590,2.769170,2.773820,2.778530,2.783260,2.788110,2.793270,2.799050,2.805840,2.814030,2.823730,2.834870,2.847270,2.860690,2.874950,2.889850,2.905350,2.921700,2.939350,2.958910,2.981530,3.007930,3.038760,3.074260,3.113850,3.155770,3.197150,3.234620,3.265370,3.288110,3.303440,3.313000,3.318530,3.321460,3.322520,3.321940,3.319780,3.315920,3.310210,3.302660,3.293340,3.282390,3.269980,3.256250,3.241340,3.225330,3.208270,3.190360,3.171710,3.152430,3.132680,3.112560,3.092160,3.071460,3.050410,3.028940,3.007070,2.984760,2.962040,2.939050,2.916000,2.893120,2.870520,2.848240,2.826300,2.804710,2.783500,2.762780,2.742650,2.723090,2.704190,2.685800,2.667880,72.1000,7.2000,20.5000,low
C070,2.259850,2.260090,2.260420,2.260680,2.261020,2.261480,2.262050,2.262770,2.263700,2.264810,2.266140,2.267710,2.269450,2.271350,2.273490,2.275900,2.278540,2.281500,2.284840,2.288440,2.292300,2.296280,2.300280,2.304240,2.308140,2.312000,2.315840,2.319750,2.323860,2.328160,2.332660,2.337270,2.342040,2.347160,2.352840,2.359550,2.367620,2.377550,2.389100,2.402170,2.416530,2.431900,2.448080,2.465010,2.482850,2.502000,2.523100,2.546890,2.574570,2.606880,2.644320,2.686610,2.732210,2.778240,2.821080,2.857530,2.885830,2.906160,2.919940,2.929160,2.935290,2.939160,2.941380,2.941960,2.940780,2.937730,2.932820,2.926120,2.917740,2.907850,2.896610,2.884190,2.870650,2.856120,2.840690,2.824400,2.807500,2.790210,2.772520,2.754580,2.736300,2.717710,2.698790,2.679490,2.659730,2.639520,2.619000,2.598330,2.577810,2.557580,2.537660,2.518070,2.498810,2.479900,2.461460,2.443570,2.426300,2.409640,2.393540,2.377900,71.6000,7.7000,20.7000,low
C071,2.267370,2.268010,2.268550,2.269140,2.269800,2.270540,2.271410,2.272410,2.273580,2.274940,2.276480,2.278240,2.280160,2.282250,2.284530,2.287080,2.289890,2.293000,2.296400,2.300070,2.303880,2.307750,2.311600,2.315400,2.319140,2.322810,2.326490,2.330290,2.334270,2.338440,2.342740,2.347190,2.351880,2.357000,2.362910,2.369960,2.378720,2.389140,2.401150,2.414560,2.429160,2.444690,2.461000,2.478140,2.496370,2.516200,2.538320,2.563920,2.593540,2.627850,2.666990,2.710240,2.755580,2.799950,2.839900,2.872720,2.897370,2.914570,2.926170,2.933890,2.938960,2.942260,2.944010,2.944140,2.942570,2.939200,2.934030,2.927150,2.918700,2.908870,2.897760,2.885520,2.872270,2.858090,2.843050,2.827350,2.811080,2.794430,2.777440,2.760220,2.742700,2.724860,2.706630,2.687990,2.668960,2.649560,2.629930,2.610270,2.590780,2.571590,2.552700,2.534140,2.515930,2.498120,2.480750,2.463940,2.447750,2.432120,2.416940,2.402240,71.6000,7.7000,20.7000,low
C072,2.916270,2.920530,2.924780,2.929030,2.933320,2.937670,2.942120,2.946670,2.951350,2.956220,2.961220,2.966370,2.971630,2.977000,2.982520,2.988190,2.994140,3.000330,3.006770,3.013330,3.020070,3.026980,3.033970,3.040900,3.047720,3.054390,3.061040,3.067670,3.074350,3.081080,3.087820,3.094580,3.101400,3.108420,3.115900,3.124150,3.133820,3.144760,3.157020,3.170350,3.184520,3.199260,3.214330,3.229720,3.245630,3.262510,3.281110,3.302590,3.327640,3.356920,3.390620,3.428330,3.468600,3.508710,3.545350,3.575670,3.598130,3.613180,3.622490,3.627530,3.629860,3.630140,3.628880,3.626100,3.621620,3.615310,3.607180,3.597330,3.585860,3.573010,3.558970,3.543730,3.527500,3.510380,3.492430,3.473580,3.454150,3.434430,3.414600,3.394460,3.374010,3.353280,3.332220,3.310760,3.288880,3.266620,3.244150,3.221640,3.199260,3.177200,3.155480,3.134120,3.113100,3.092430,3.072240,3.052550,3.033380,3.014780,2.996660,2.978950,70.8000,7.7000,20.8000,low
C073,2.315140,2.315120,2.315090,2.315100,2.315170,2.315380,2.315810,2.316490,2.317340,2.318420,2.319720,2.321240,2.323080,2.325190,2.327540,2.330180,2.333070,2.336370,2.340050,2.344040,2.348260,2.352530,2.356740,2.360870,2.364930,2.368940,2.372960,2.377140,2.381550,2.386200,2.391110,2.396230,2.401570,2.407270,2.413760,2.421450,2.431040,2.442420,2.455560,2.470190,2.486070,2.502910,2.520530,2.538890,2.558220,2.579080,2.602200,2.629000,2.660180,2.696550,2.738460,2.785350,2.835350,2.885170,2.930710,2.968410,2.996570,3.015710,3.027920,3.035330,3.039680,3.041880,3.042300,3.040910,3.037630,3.032290,3.024890,3.015540,3.004400,2.991640,2.977430,2.961940,2.945320,2.927640,2.909030,2.889600,2.869540,2.849070,2.828240,2.807120,2.785730,2.763990,2.741880,2.719320,2.696290,2.672860,2.649160,2.625420,2.601870,2.578670,2.555890,2.533540,2.511620,2.490190,2.469340,2.449120,2.429610,2.410780,2.392560,2.374910,72.0000,8.1000,19.4000,low
C074,2.370060,2.370510,2.371030,2.371630,2.372340,2.373150,2.374090,2.375240,2.376570,2.378180,2.379980,2.381960,2.384130,2.386460,2.389010,2.391870,2.394970,2.398360,2.401950,2.405850,2.409980,2.414270,2.418650,2.423040,2.427290,2.431530,2.435820,2.440130,2.444570,2.449140,2.453800,2.458490,2.463270,2.468300,2.473860,2.480330,2.488110,2.497170,2.507460,2.518880,2.531150,2.544000,2.557210,2.570760,2.584890,2.599990,2.616830,2.636540,2.659690,2.686980,2.718660,2.754310,2.792340,2.830080,2.864330,2.892290,2.912580,2.925680,2.933240,2.936900,2.937980,2.937280,2.935020,2.931200,2.925750,2.918570,2.909670,2.899120,2.887060,2.873630,2.858940,2.843110,2.826280,2.808570,2.790070,2.770900,2.751080,2.730830,2.710320,2.689620,2.668690,2.647470,2.625850,2.603790,2.581380,2.558590,2.535560,2.512510,2.489640,2.467080,2.444860,2.423020,2.401580,2.380560,2.360060,2.340090,2.320730,2.301930,2.283740,2.266040,71.2000,8.4000,19.7000,low
C075,2.901880,2.904030,2.906240,2.908480,2.910750,2.913070,2.915480,2.918070,2.920820,2.923810,2.926960,2.930290,2.933820,2.937570,2.941550,2.945800,2.950330,2.955200,2.960370,2.965770,2.971400,2.977150,2.982820,2.988300,2.993580,2.998630,3.003610,3.008560,3.013650,3.018930,3.024390,3.029940,3.035600,3.041600,3.048270,3.056120,3.065800,3.077190,3.090170,3.104460,3.119750,3.135740,3.152200,3.169120,3.186890,3.206190,3.227970,3.253710,3.284090,3.319920,3.361410,3.407850,3.457220,3.506140,3.550680,3.587600,3.615530,3.635330,3.648870,3.658170,3.664690,3.669280,3.672070,3.673070,3.672160,3.669220,3.664200,3.657180,3.648330,3.637750,3.625600,3.611990,3.596930,3.580640,3.563220,3.544800,3.525440,3.505430,3.484870,3.463860,3.442340,3.420270,3.397590,3.374250,3.350190,3.325530,3.300420,3.275090,3.249810,3.224750,3.199980,3.175520,3.151390,3.127670,3.104460,3.081830,3.059760,3.038240,3.017190,2.996630,70.3000,8.5000,21.0000,low
C076,2.761280,2.763330,2.765470,2.767620,2.769830,2.772150,2.774640,2.777330,2.780190,2.783180,2.786450,2.789860,2.793450,2.797240,2.801260,2.805530,2.810050,2.814850,2.819950,2.825340,2.830980,2.836730,2.842470,2.848120,2.853670,2.859180,2.864700,2.870310,2.876060,2.881990,2.888100,2.894300,2.900550,2.907010,2.914000,2.921980,2.931380,2.942210,2.954280,2.967310,2.980970,2.994890,3.008850,3.022900,3.037350,3.052930,3.070500,3.091440,3.116410,3.146170,3.180830,3.219800,3.261220,3.302170,3.339290,3.369780,3.392350,3.407540,3.417050,3.422580,3.425440,3.426460,3.425890,3.423670,3.419690,3.413910,3.406270,3.396870,3.385870,3.373450,3.359720,3.344800,3.328810,3.311810,3.293990,3.275400,3.256220,3.236600,3.216740,3.196600,3.176190,3.155430,3.134260,3.112630,3.090550,3.068010,3.045110,3.022100,2.999230,2.976710,2.954600,2.932860,2.911480,2.890440,2.869800,2.849670,2.830060,2.810940,2.792270,2.774020,69.5000,9.6000,20.1000,low
C077,3.272590,3.280320,3.287830,3.295280,3.302720,3.310200,3.317660,3.325040,3.332560,3.340150,3.347800,3.355580,3.363420,3.371250,3.379140,3.387240,3.395470,3.403910,3.412490,3.421290,3.430230,3.439290,3.448330,3.457250,3.466040,3.474600,3.483050,3.491610,3.500220,3.508920,3.517690,3.526440,3.535180,3.544150,3.553580,3.563980,3.575640,3.588640,3.602860,3.618080,3.633990,3.650320,3.666850,3.683590,3.700830,3.719100,3.739230,3.762470,3.789310,3.820450,3.856260,3.896310,3.938840,3.981010,4.019560,4.051790,4.076360,4.093550,4.105040,4.112580,4.117550,4.120520,4.121900,4.121670,4.119760,4.116110,4.110680,4.103550,4.094880,4.084840,4.073640,4.061330,4.048130,4.034090,4.019370,4.004000,3.988210,3.972130,3.955880,3.939470,3.922910,3.906110,3.889040,3.871630,3.853820,3.835680,3.817290,3.798830,3.780550,3.762580,3.744920,3.727570,3.710500,3.693700,3.677160,3.660980,3.645240,3.629910,3.614870,3.600010,68.5000,9.7000,21.6000,low
C078,2.604810,2.606400,2.608050,2.609770,2.611630,2.613640,2.615810,2.618180,2.620800,2.623740,2.626940,2.630330,2.633960,2.637890,2.642120,2.646680,2.651500,2.656700,2.662260,2.668180,2.674370,2.680730,2.687140,2.693460,2.699670,2.705870,2.712030,2.718290,2.724770,2.731530,2.738550,2.745750,2.753090,2.760750,2.769100,2.778630,2.789930,2.803000,2.817630,2.833480,2.850170,2.867300,2.884630,2.902150,2.920150,2.939360,2.960810,2.986050,3.015940,3.051260,3.092280,3.138400,3.187700,3.236800,3.281630,3.318650,3.346020,3.364290,3.375540,3.381890,3.385150,3.386210,3.385250,3.382420,3.377500,3.370460,3.361360,3.350260,3.337280,3.322600,3.306410,3.288820,3.270060,3.250220,3.229400,3.207700,3.185230,3.162370,3.139180,3.115760,3.092020,3.067890,3.043250,3.018080,2.992440,2.966340,2.939910,2.913380,2.886980,2.860980,2.835500,2.810530,2.785990,2.761910,2.738340,2.715400,2.693170,2.671610,2.650570,2.630040,70.5000,9.7000,19.2000,low
C079,3.449520,3.457590,3.465630,3.473600,3.481560,3.489520,3.497510,3.505590,3.513700,3.521900,3.530290,3.538720,3.547270,3.555950,3.564750,3.573750,3.582990,3.592480,3.602270,3.612300,3.622530,3.632850,3.643150,3.653350,3.663400,3.673330,3.683280,3.693190,3.703240,3.713380,3.723600,3.733890,3.744260,3.754850,3.766030,3.778160,3.791750,3.806910,3.823400,3.841110,3.859600,3.878490,3.897550,3.916770,3.936600,3.957680,3.980770,4.007310,4.037960,4.073620,4.114490,4.160110,4.208690,4.257270,4.302380,4.340980,4.371440,4.394050,4.410350,4.422150,4.430690,4.436900,4.441030,4.443450,4.444000,4.442450,4.438720,4.432870,4.425210,4.415940,4.405070,4.392990,4.379560,4.364920,4.349320,4.332790,4.315610,4.297850,4.279850,4.261590,4.243010,4.223960,4.204500,4.184520,4.163970,4.142960,4.121680,4.100250,4.078910,4.057900,4.037260,4.016990,3.997050,3.977410,3.958190,3.939450,3.921210,3.903390,3.885940,3.868880,67.3000,10.1000,20.1000,low
C080,3.160950,3.166760,3.172500,3.178130,3.183810,3.189610,3.195540,3.201600,3.207700,3.214020,3.220490,3.227110,3.233920,3.240890,3.248000,3.255290,3.262840,3.270690,3.278910,3.287400,3.296060,3.304800,3.313550,3.322230,3.330810,3.339270,3.347600,3.356040,3.364630,3.373400,3.382260,3.391160,3.400140,3.409330,3.419070,3.429750,3.441930,3.455550,3.470500,3.486560,3.503370,3.520580,3.537970,3.555570,3.573710,3.592980,3.614310,3.638950,3.667690,3.701240,3.739900,3.783110,3.829090,3.874830,3.916740,3.951710,3.978120,3.996480,4.008550,4.016170,4.020810,4.023400,4.024300,4.023490,4.020790,4.016130,4.009490,4.001000,3.990810,3.979030,3.965900,3.951590,3.936230,3.919780,3.902440,3.884400,3.865800,3.846800,3.827490,3.807940,3.788180,3.768090,3.747640,3.726770,3.705480,3.683830,3.661860,3.639800,3.617910,3.596400,3.575350,3.554650,3.534330,3.514420,3.494930,3.475940,3.457520,3.439630,3.422180,3.405090,69.3000,10.1000,20.5000,low
C081,3.207810,3.212940,3.218100,3.223180,3.228380,3.233680,3.239070,3.244630,3.250380,3.256340,3.262590,3.269000,3.275680,3.282550,3.289600,3.296930,3.304600,3.312500,3.320770,3.329390,3.338350,3.347520,3.356770,3.366010,3.375130,3.384120,3.393020,3.401940,3.411000,3.420300,3.429770,3.439280,3.448820,3.458500,3.468580,3.479530,3.491760,3.505750,3.521260,3.538070,3.555830,3.574130,3.592630,3.611270,3.630270,3.650160,3.671780,3.696070,3.724600,3.758170,3.797420,3.842250,3.891120,3.941000,3.987910,4.028190,4.059660,4.082090,4.097030,4.106520,4.112370,4.115520,4.116650,4.115940,4.113280,4.108460,4.101400,4.092240,4.081210,4.068440,4.054070,4.038270,4.021160,4.002910,3.983580,3.963360,3.942500,3.921050,3.899190,3.877040,3.854640,3.831950,3.808850,3.785360,3.761300,3.736690,3.711660,3.686480,3.661440,3.636720,3.612480,3.588710,3.565300,3.542270,3.519730,3.497810,3.476570,3.455890,3.435730,3.416040,69.3000,10.1000,20.5000,low
C082,2.787500,2.788520,2.789550,2.790570,2.791630,2.792780,2.794080,2.795600,2.797360,2.799330,2.801540,2.803930,2.806570,2.809530,2.812810,2.816400,2.820300,2.824600,2.829310,2.834360,2.839640,2.844960,2.850160,2.855180,2.860030,2.864840,2.869760,2.874940,2.880500,2.886520,2.892880,2.899520,2.906410,2.913680,2.921790,2.931330,2.942960,2.956570,2.972070,2.989080,3.007120,3.025790,3.044900,3.064500,3.084990,3.107250,3.132360,3.161940,3.196930,3.238130,3.285760,3.339130,3.395990,3.452460,3.504010,3.546890,3.579340,3.602210,3.617740,3.628150,3.635320,3.640230,3.643210,3.644170,3.643010,3.639560,3.633800,3.625870,3.615970,3.604330,3.591130,3.576480,3.560500,3.543330,3.525080,3.505930,3.486100,3.465750,3.445020,3.423970,3.402530,3.380680,3.358380,3.335560,3.312130,3.288120,3.263680,3.239110,3.214730,3.190760,3.167280,3.144220,3.121550,3.099300,3.077550,3.056380,3.035900,3.016020,2.996690,2.977850,69.4000,10.9000,19.1000,low
C083,2.843900,2.845880,2.847800,2.849810,2.851970,2.854280,2.856740,2.859310,2.862120,2.865130,2.868440,2.872010,2.875780,2.879780,2.884060,2.888630,2.893570,2.898800,2.904370,2.910250,2.916430,2.922750,2.929070,2.935310,2.941400,2.947360,2.953380,2.959570,2.965980,2.972690,2.979650,2.986780,2.994060,3.001680,3.009990,3.019430,3.030640,3.043510,3.057860,3.073420,3.089710,3.106330,3.123030,3.139830,3.157130,3.175750,3.196610,3.221390,3.250820,3.285680,3.326280,3.371950,3.420650,3.468910,3.512670,3.548530,3.574970,3.592750,3.603830,3.610330,3.613680,3.614880,3.614210,3.611690,3.607170,3.600580,3.591880,3.581150,3.568580,3.554330,3.538580,3.521540,3.503270,3.483860,3.463440,3.442170,3.420230,3.397830,3.375120,3.352090,3.328720,3.304930,3.280720,3.256060,3.230860,3.205140,3.179040,3.152800,3.126770,3.101150,3.076000,3.051320,3.027000,3.003070,2.979660,2.956920,2.934820,2.913250,2.892120,2.871460,69.5000,10.9000,19.2000,low
C084,3.199670,3.202780,3.206000,3.209300,3.212740,3.216360,3.220180,3.224160,3.228410,3.232950,3.237710,3.242740,3.247990,3.253490,3.259270,3.265390,3.271840,3.278650,3.285880,3.293430,3.301310,3.309390,3.317510,3.325510,3.333400,3.341290,3.349180,3.357220,3.365450,3.373910,3.382550,3.391250,3.399980,3.408900,3.418290,3.428620,3.440440,3.453790,3.468460,3.484110,3.500340,3.516780,3.533190,3.549590,3.566390,3.584320,3.604320,3.627990,3.656030,3.689310,3.728120,3.771840,3.818500,3.864760,3.906720,3.941090,3.966320,3.982900,3.992590,3.997500,3.999220,3.998760,3.996390,3.992160,3.985940,3.977610,3.967170,3.954690,3.940390,3.924530,3.907190,3.888460,3.868520,3.847500,3.825620,3.802970,3.779620,3.755830,3.731750,3.707500,3.683020,3.658220,3.632990,3.607250,3.580920,3.554120,3.527000,3.499830,3.472860,3.446250,3.420110,3.394400,3.369140,3.344330,3.320000,3.296260,3.273140,3.250680,3.228760,3.207290,67.0000,11.0000,21.8000,low
C085,2.507710,2.508360,2.508960,2.509620,2.510380,2.511280,2.512350,2.513650,2.515230,2.517060,2.519110,2.521470,2.524120,2.527050,2.530300,2.533920,2.537870,2.542340,2.547270,2.552530,2.558020,2.563610,2.569130,2.574490,2.579660,2.584770,2.590000,2.595480,2.601420,2.607820,2.614600,2.621690,2.629000,2.636650,2.645150,2.655040,2.667010,2.680950,2.696650,2.713710,2.731620,2.749920,2.768370,2.787000,2.806320,2.827270,2.850970,2.879260,2.912840,2.952570,2.998590,3.050090,3.104790,3.159040,3.208550,3.249730,3.281030,3.303150,3.318280,3.328610,3.335810,3.340900,3.344110,3.345420,3.344670,3.341720,3.336580,3.329370,3.320330,3.309650,3.297350,3.283590,3.268450,3.252170,3.234890,3.216640,3.197580,3.177960,3.157950,3.137560,3.116830,3.095710,3.074040,3.051730,3.028730,3.005110,2.981060,2.956830,2.932750,2.909040,2.885760,2.862910,2.840430,2.818400,2.796850,2.775810,2.755380,2.735530,2.716150,2.697240,69.0000,11.2000,19.5000,low
C086,2.486860,2.481800,2.476890,2.472130,2.467520,2.463080,2.458900,2.455080,2.451550,2.448360,2.445480,2.442930,2.440760,2.438990,2.437620,2.436550,2.435820,2.435530,2.435710,2.436270,2.437170,2.438310,2.439590,2.440960,2.442450,2.444070,2.445900,2.448110,2.450970,2.454490,2.458650,2.463350,2.468510,2.474310,2.481210,2.489790,2.500710,2.513780,2.528720,2.545100,2.562440,2.580250,2.598130,2.616040,2.634450,2.654290,2.676780,2.703650,2.735660,2.773510,2.817310,2.866200,2.917960,2.969170,3.015910,3.054970,3.084920,3.106510,3.121570,3.132060,3.139610,3.145010,3.148550,3.150140,3.149730,3.147270,3.142710,3.136120,3.127670,3.117550,3.105970,3.093050,3.078860,3.063550,3.047210,3.030000,3.012010,2.993570,2.974740,2.955530,2.935940,2.915910,2.895480,2.874610,2.853210,2.831330,2.809140,2.786910,2.764920,2.743360,2.722340,2.701860,2.681880,2.662340,2.643310,2.624920,2.607120,2.589870,2.573050,2.556660,72.9000,11.2000,13.7000,low
C087,3.350010,3.358100,3.366090,3.374030,3.381890,3.389710,3.397570,3.405530,3.413550,3.421710,3.429910,3.438140,3.446510,3.455030,3.463690,3.472540,3.481520,3.490710,3.500210,3.509940,3.519840,3.529770,3.539630,3.549390,3.559060,3.568590,3.577980,3.587420,3.597050,3.606890,3.616880,3.626910,3.636980,3.647200,3.657850,3.669440,3.682470,3.696820,3.712330,3.728740,3.745720,3.762910,3.780070,3.797220,3.814670,3.833160,3.853560,3.877350,3.905180,3.937670,3.975110,4.017000,4.061560,4.105950,4.146980,4.181920,4.209330,4.229270,4.243400,4.253250,4.260310,4.265590,4.268970,4.270510,4.270190,4.268130,4.264230,4.258450,4.250950,4.241870,4.231340,4.219620,4.206860,4.193140,4.178480,4.162970,4.146740,4.130090,4.113140,4.095950,4.078500,4.060620,4.042270,4.023460,4.004160,3.984430,3.964360,3.944080,3.923870,3.903990,3.884470,3.865270,3.846380,3.827820,3.809540,3.791600,3.774130,3.757040,3.740280,3.723670,66.8000,11.7000,19.0000,low
C088,2.301750,2.303220,2.304670,2.306110,2.307580,2.309130,2.310740,2.312470,2.314350,2.316390,2.318560,2.320890,2.323390,2.326100,2.329030,2.332210,2.335600,2.339310,2.343340,2.347550,2.351900,2.356270,2.360520,2.364600,2.368570,2.372450,2.376480,2.380750,2.385370,2.390420,2.395800,2.401400,2.407150,2.413150,2.419720,2.427230,2.436160,2.446440,2.457880,2.470210,2.483040,2.496040,2.509040,2.522100,2.535610,2.550230,2.566870,2.586850,2.610730,2.639080,2.672100,2.709240,2.748840,2.788310,2.824510,2.854780,2.877890,2.894240,2.905370,2.912890,2.918010,2.921530,2.923600,2.924210,2.923280,2.920750,2.916650,2.911010,2.903950,2.895600,2.886100,2.875620,2.864270,2.852130,2.839240,2.825690,2.811670,2.797290,2.782630,2.767810,2.752790,2.737490,2.721840,2.705840,2.689430,2.672630,2.655540,2.638350,2.621260,2.604500,2.588110,2.572050,2.556290,2.540810,2.525670,2.510890,2.496500,2.482490,2.468750,2.455330,68.6000,12.7000,17.8000,low
C089,2.418000,2.413260,2.408660,2.404150,2.399770,2.395600,2.391730,2.388170,2.384850,2.381890,2.379290,2.377030,2.375120,2.373570,2.372400,2.371610,2.371230,2.371290,2.371800,2.372650,2.373830,2.375270,2.376870,2.378560,2.380340,2.382170,2.384330,2.387010,2.390440,2.394720,2.399740,2.405300,2.411340,2.418020,2.425720,2.435060,2.446660,2.460330,2.475710,2.492260,2.509310,2.526220,2.542570,2.558410,2.574400,2.591620,2.611530,2.635920,2.665650,2.701380,2.743180,2.790080,2.839870,2.889180,2.934170,2.971770,3.000720,3.021650,3.036330,3.046580,3.053970,3.059340,3.062880,3.064640,3.064410,3.062100,3.057720,3.051480,3.043490,3.033850,3.022780,3.010400,2.996860,2.982210,2.966560,2.950070,2.932870,2.915220,2.897100,2.878730,2.859940,2.840800,2.821280,2.801310,2.780770,2.759690,2.738210,2.716680,2.695470,2.674740,2.654570,2.634930,2.615720,2.597020,2.578870,2.561250,2.544060,2.527220,2.510690,2.494600,71.3000,13.8000,12.6000,high
C090,2.585870,2.586710,2.587600,2.588490,2.589420,2.590510,2.591840,2.593430,2.595260,2.597350,2.599740,2.602380,2.605360,2.608660,2.612310,2.616340,2.620780,2.625670,2.631070,2.636830,2.642870,2.648930,2.654840,2.660520,2.665970,2.671390,2.676980,2.682950,2.689460,2.696600,2.704210,2.712150,2.720320,2.728780,2.737960,2.748410,2.760950,2.775430,2.791530,2.808720,2.826400,2.844030,2.861270,2.878250,2.895630,2.914500,2.936250,2.962640,2.994660,3.033010,3.077870,3.128390,3.182290,3.235880,3.284840,3.325580,3.356480,3.378240,3.393180,3.403360,3.410430,3.415450,3.418570,3.419790,3.419010,3.416080,3.410990,3.403850,3.394840,3.384130,3.371880,3.358250,3.343290,3.327220,3.310040,3.291940,3.273030,3.253570,3.233760,3.213630,3.193120,3.172160,3.150700,3.128610,3.105810,3.082300,3.058280,3.034050,3.009950,2.986250,2.963030,2.940270,2.917930,2.895930,2.874360,2.853230,2.832670,2.812620,2.792920,2.773660,67.3000,14.0000,18.6000,high
C091,2.697660,2.699480,2.701310,2.703130,2.705020,2.707030,2.709220,2.711670,2.714360,2.717320,2.720540,2.723990,2.727730,2.731850,2.736350,2.741200,2.746430,2.752100,2.758240,2.764840,2.771720,2.778610,2.785310,2.791750,2.797970,2.804080,2.810400,2.817130,2.824530,2.832690,2.841440,2.850540,2.859850,2.869460,2.879770,2.891320,2.904960,2.920530,2.937650,2.955710,2.974030,2.991950,3.009120,3.025670,3.042340,3.060340,3.081290,3.107130,3.138780,3.177020,3.222040,3.273010,3.327610,3.382110,3.432070,3.473790,3.505640,3.528330,3.543930,3.554750,3.562430,3.567930,3.571620,3.573410,3.573080,3.570590,3.565960,3.559290,3.550720,3.540400,3.528540,3.515210,3.500570,3.484780,3.467930,3.450160,3.431590,3.412430,3.392860,3.372970,3.352760,3.332110,3.310890,3.289020,3.266400,3.243010,3.219050,3.194890,3.170830,3.147180,3.124080,3.101420,3.079100,3.057130,3.035540,3.014440,2.993780,2.973470,2.953500,2.933850,66.7000,15.4000,17.2000,high
C092,3.072590,3.077070,3.081520,3.085970,3.090500,3.095140,3.099880,3.104760,3.109780,3.115060,3.120550,3.126280,3.132250,3.138450,3.144900,3.151670,3.158750,3.166230,3.174040,3.182220,3.190730,3.199400,3.208010,3.216400,3.224560,3.232560,3.240540,3.248680,3.257240,3.266330,3.275890,3.285690,3.295510,3.305360,3.315690,3.327210,3.340550,3.355660,3.372180,3.389550,3.407000,3.423790,3.439420,3.453920,3.468030,3.482890,3.500140,3.521700,3.548560,3.581570,3.620850,3.665800,3.714460,3.763560,3.809110,3.847560,3.877080,3.897910,3.911790,3.921330,3.928120,3.932760,3.935490,3.936420,3.935510,3.932670,3.927710,3.920700,3.911830,3.901130,3.888820,3.875340,3.860490,3.844540,3.827250,3.809080,3.790040,3.770380,3.750410,3.730020,3.709310,3.687980,3.665990,3.643300,3.619730,3.595350,3.570320,3.544960,3.519660,3.494670,3.470220,3.446140,3.422330,3.398840,3.375720,3.352970,3.330470,3.308300,3.286390,3.264630,65.9000,15.5000,19.2000,high
C093,2.705620,2.707620,2.709610,2.711570,2.713590,2.715710,2.717930,2.720370,2.723110,2.726130,2.729340,2.732790,2.736510,2.740580,2.745020,2.749820,2.755030,2.760610,2.766710,2.773240,2.780030,2.786850,2.793500,2.799890,2.806090,2.812250,2.818580,2.825400,2.832840,2.840940,2.849630,2.858720,2.867990,2.877570,2.887860,2.899530,2.913250,2.928980,2.946320,2.964680,2.983390,3.001730,3.019320,3.036310,3.053480,3.072010,3.093380,3.119610,3.151510,3.189880,3.235010,3.286130,3.340970,3.395760,3.446050,3.488120,3.520270,3.543200,3.559010,3.569900,3.577570,3.583070,3.586680,3.588340,3.587920,3.585380,3.580660,3.573850,3.565170,3.554780,3.542870,3.529590,3.515120,3.499530,3.482930,3.465500,3.447330,3.428720,3.409780,3.390650,3.371250,3.351450,3.331180,3.310340,3.288870,3.266670,3.243940,3.221030,3.198300,3.176030,3.154290,3.133010,3.112140,3.091610,3.071490,3.051810,3.032590,3.013730,2.995160,2.976900,65.6000,15.7000,18.4000,high
C094,2.397870,2.398270,2.398710,2.399250,2.399900,2.400710,2.401720,2.403020,2.404590,2.406490,2.408710,2.411210,2.413990,2.417130,2.420710,2.424730,2.429140,2.433980,2.439310,2.445090,2.451160,2.457310,2.463330,2.469090,2.474610,2.480140,2.485890,2.492110,2.499000,2.506580,2.514700,2.523190,2.531920,2.540970,2.550640,2.561530,2.574240,2.588740,2.604700,2.621590,2.638780,2.655680,2.672000,2.687900,2.704000,2.721350,2.741270,2.765660,2.795300,2.831020,2.873090,2.920850,2.972290,3.023860,3.071200,3.110580,3.140070,3.160220,3.173070,3.180920,3.185520,3.187910,3.188350,3.186980,3.183630,3.178160,3.170600,3.161060,3.149730,3.136790,3.122430,3.106850,3.090190,3.072490,3.053870,3.034500,3.014560,2.994230,2.973670,2.952900,2.931960,2.910730,2.889110,2.867010,2.844360,2.821150,2.797510,2.773800,2.750340,2.727350,2.704920,2.683000,2.661530,2.640470,2.619860,2.599770,2.580230,2.561170,2.542430,2.524070,66.2000,16.4000,17.4000,high
C095,2.753600,2.755180,2.756680,2.758240,2.759860,2.761610,2.763550,2.765680,2.768040,2.770720,2.773640,2.776820,2.780290,2.784100,2.788280,2.792880,2.797850,2.803350,2.809280,2.815600,2.822160,2.828720,2.835090,2.841160,2.846990,2.852790,2.858760,2.865230,2.872410,2.880340,2.888880,2.897780,2.906830,2.916130,2.926140,2.937420,2.950640,2.965680,2.982150,2.999420,3.016790,3.033630,3.049600,3.064880,3.080250,3.097000,3.116580,3.141100,3.171360,3.208080,3.251420,3.300450,3.352920,3.405160,3.452950,3.492790,3.523120,3.544560,3.559320,3.569380,3.576400,3.581330,3.584490,3.585740,3.585000,3.582150,3.577190,3.570220,3.561450,3.551060,3.539160,3.525910,3.511430,3.495790,3.479120,3.461570,3.443330,3.424590,3.405510,3.386100,3.366370,3.346230,3.325580,3.304340,3.282370,3.259680,3.236410,3.212930,3.189620,3.166720,3.144320,3.122380,3.100840,3.079610,3.058770,3.038350,3.018330,2.998700,2.979340,2.960200,65.6000,16.4000,18.0000,high
C096,2.783200,2.784930,2.786610,2.788270,2.790010,2.791910,2.794010,2.796330,2.798890,2.801790,2.804930,2.808340,2.812040,2.816120,2.820600,2.825460,2.830770,2.836610,2.842960,2.849760,2.856830,2.863920,2.870810,2.877410,2.883770,2.890100,2.896580,2.903610,2.911390,2.920000,2.929260,2.938910,2.948750,2.958820,2.969610,2.981730,2.995900,3.011980,3.029520,3.047860,3.066200,3.083830,3.100370,3.116010,3.131570,3.148440,3.168230,3.193130,3.224040,3.261720,3.306260,3.356840,3.411160,3.465480,3.515450,3.557370,3.589530,3.612590,3.628620,3.639830,3.647900,3.653810,3.657840,3.659950,3.659950,3.657810,3.653470,3.647030,3.638720,3.628700,3.617100,3.604090,3.589840,3.574400,3.557960,3.540530,3.522360,3.503730,3.484690,3.465370,3.445720,3.425680,3.405100,3.383860,3.361890,3.339120,3.315710,3.292060,3.268590,3.245600,3.223160,3.201190,3.179630,3.158370,3.137480,3.116980,3.096860,3.077100,3.057610,3.038360,65.0000,16.4000,17.4000,high
C097,2.669210,2.671010,2.672800,2.674600,2.676490,2.678500,2.680700,2.683110,2.685730,2.688550,2.691590,2.694790,2.698250,2.702010,2.706000,2.710230,2.714800,2.719720,2.725010,2.730700,2.736690,2.742820,2.748920,2.754920,2.760820,2.766670,2.772570,2.778760,2.785370,2.792470,2.799910,2.807530,2.815210,2.823020,2.831280,2.840430,2.851130,2.863160,2.876200,2.889660,2.902990,2.915700,2.927480,2.938410,2.949080,2.960400,2.973640,2.990410,3.011590,3.037770,3.069130,3.104960,3.143350,3.181380,3.215700,3.243590,3.263810,3.276780,3.284120,3.287560,3.288420,3.287550,3.285110,3.281160,3.275530,3.268160,3.259050,3.248310,3.236170,3.222750,3.208190,3.192610,3.176130,3.158860,3.140930,3.122490,3.103580,3.084370,3.065050,3.045660,3.026160,3.006510,2.986590,2.966240,2.945370,2.923990,2.902280,2.880530,2.859030,2.837930,2.817290,2.797080,2.777230,2.757750,2.738650,2.719950,2.701530,2.683370,2.665480,2.647850,64.6000,17.2000,19.4000,high
C098,2.675770,2.678100,2.680570,2.683080,2.685710,2.688530,2.691570,2.694890,2.698540,2.702510,2.706760,2.711300,2.716150,2.721370,2.727010,2.733070,2.739550,2.746520,2.754000,2.761970,2.770350,2.778920,2.787480,2.795860,2.804030,2.812090,2.820320,2.828890,2.838090,2.847890,2.858210,2.868820,2.879500,2.890310,2.901610,2.914010,2.928120,2.943840,2.960750,2.978290,2.995750,3.012480,3.028060,3.042670,3.057040,3.072380,3.090130,3.112320,3.139790,3.173440,3.213520,3.259290,3.308750,3.358410,3.404020,3.441810,3.469900,3.488790,3.500470,3.507070,3.510380,3.511420,3.510510,3.507740,3.502920,3.496000,3.486950,3.475850,3.462980,3.448570,3.432650,3.415450,3.397060,3.377560,3.357280,3.336330,3.314740,3.292770,3.270570,3.248350,3.225940,3.203180,3.180050,3.156430,3.132180,3.107260,3.081860,3.056350,3.031070,3.006270,2.982060,2.958330,2.935030,2.912180,2.889790,2.867860,2.846350,2.825200,2.804350,2.783790,63.3000,17.4000,19.2000,high
C099,4.080110,4.089170,4.098120,4.107170,4.116360,4.125720,4.135250,4.144910,4.154680,4.164920,4.175540,4.186450,4.197470,4.208860,4.220730,4.232940,4.245500,4.258610,4.272230,4.286570,4.301210,4.316100,4.331010,4.345880,4.360800,4.375560,4.390220,4.404910,4.420260,4.436500,4.453330,4.470670,4.488240,4.505780,4.523510,4.542130,4.562240,4.584610,4.608100,4.632780,4.657540,4.681290,4.703360,4.723690,4.742960,4.762330,4.782810,4.806700,4.837170,4.875210,4.920830,4.973480,5.031420,5.091140,5.148150,5.197700,5.236380,5.264090,5.283350,5.295010,5.301880,5.306110,5.307850,5.307510,5.304780,5.299540,5.292370,5.281920,5.268950,5.254500,5.238290,5.220420,5.200740,5.179280,5.158060,5.135630,5.111030,5.085580,5.060870,5.035520,5.010220,4.984510,4.958620,4.932050,4.904560,4.876690,4.847580,4.817720,4.788240,4.759490,4.731280,4.703380,4.675970,4.649370,4.623480,4.597960,4.572490,4.547110,4.522210,4.497720,64.4000,17.6000,18.0000,high
C100,2.690290,2.691550,2.692760,2.694010,2.695370,2.696900,2.698600,2.700530,2.702750,2.705260,2.708050,2.711170,2.714600,2.718410,2.722630,2.727270,2.732440,2.738110,2.744340,2.751000,2.757960,2.764990,2.771820,2.778320,2.784540,2.790580,2.796940,2.803870,2.811720,2.820490,2.829990,2.839910,2.849970,2.860240,2.871130,2.883250,2.897320,2.913130,2.930240,2.948010,2.965560,2.982170,2.997480,3.011690,3.025660,3.040810,3.058870,3.082060,3.111160,3.146930,3.189600,3.238380,3.291010,3.343780,3.392350,3.432960,3.463840,3.485630,3.500410,3.510270,3.517040,3.521770,3.524650,3.525630,3.524580,3.521440,3.516160,3.508870,3.499790,3.489110,3.476930,3.463460,3.448840,3.433200,3.416640,3.399240,3.381100,3.362600,3.343850,3.324900,3.305770,3.286320,3.266390,3.245850,3.224590,3.202630,3.180130,3.157430,3.134930,3.112870,3.091370,3.070360,3.049770,3.029520,3.009620,2.990110,2.970940,2.952020,2.933300,2.914860,63.6000,18.2000,17.2000,high
C101,2.922480,2.926590,2.930660,2.934760,2.938900,2.943080,2.947390,2.951930,2.956760,2.961730,2.966890,2.972270,2.977860,2.983790,2.990110,2.996800,3.003770,3.011100,3.018960,3.027270,3.035860,3.044510,3.053010,3.061180,3.069030,3.076800,3.084750,3.093220,3.102330,3.112130,3.122500,3.133180,3.143950,3.154910,3.166340,3.178860,3.193010,3.208730,3.225610,3.243010,3.260180,3.276500,3.291720,3.306080,3.320350,3.335820,3.353930,3.376590,3.404720,3.439080,3.479880,3.526340,3.576290,3.626250,3.672060,3.710230,3.739180,3.759530,3.773120,3.782050,3.787840,3.791470,3.793270,3.793260,3.791360,3.787420,3.781440,3.773520,3.763780,3.752490,3.739900,3.726140,3.711320,3.695500,3.678750,3.661280,3.643180,3.624840,3.606270,3.587620,3.568740,3.549520,3.529870,3.509730,3.488960,3.467560,3.445660,3.423550,3.401610,3.380090,3.359070,3.338510,3.318280,3.298300,3.278600,3.259250,3.240210,3.221400,3.202770,3.184300,63.1000,18.3000,19.2000,high
C102,3.074170,3.078320,3.082560,3.086880,3.091230,3.095730,3.100440,3.105330,3.110440,3.115900,3.121620,3.127560,3.133780,3.140330,3.147250,3.154550,3.162250,3.170300,3.178940,3.188090,3.197690,3.207580,3.217520,3.227310,3.236890,3.246240,3.255560,3.265080,3.275140,3.285940,3.297370,3.309110,3.320840,3.332490,3.344360,3.357020,3.371080,3.386900,3.404010,3.421850,3.439510,3.456110,3.471040,3.484160,3.496040,3.507900,3.521380,3.538210,3.560340,3.588530,3.623280,3.664260,3.709850,3.756990,3.801710,3.840300,3.870540,3.892170,3.906650,3.915980,3.921940,3.925380,3.926860,3.926650,3.924530,3.920370,3.914120,3.905880,3.895850,3.884200,3.871070,3.856590,3.840900,3.824050,3.806130,3.787320,3.767790,3.747750,3.727380,3.706830,3.686110,3.665110,3.643700,3.621740,3.598980,3.575310,3.550860,3.526010,3.501230,3.476870,3.453020,3.429640,3.406620,3.383890,3.361450,3.339400,3.317690,3.296180,3.274750,3.253350,61.7000,18.8000,19.5000,high
C103,2.380780,2.381310,2.381930,2.382620,2.383440,2.384440,2.385670,2.387120,2.388810,2.390930,2.393360,2.396070,2.399130,2.402580,2.406480,2.410840,2.415730,2.421180,2.427140,2.433490,2.440150,2.446840,2.453310,2.459440,2.465260,2.470990,2.477070,2.483740,2.491330,2.499840,2.509130,2.518840,2.528690,2.538700,2.549180,2.560810,2.574250,2.589350,2.605640,2.622340,2.638570,2.653540,2.666850,2.678730,2.690110,2.702430,2.717450,2.737270,2.762790,2.794730,2.833190,2.877390,2.925260,2.973360,3.017610,3.054550,3.082540,3.102000,3.114900,3.123220,3.128560,3.131910,3.133560,3.133550,3.131710,3.127930,3.122140,3.114480,3.105210,3.094510,3.082550,3.069400,3.055180,3.039940,3.023900,3.007160,2.989770,2.972090,2.954190,2.936160,2.917920,2.899380,2.880460,2.861040,2.840900,2.819990,2.798500,2.776780,2.755260,2.734270,2.713860,2.693910,2.674320,2.655020,2.636060,2.617500,2.599180,2.581050,2.563030,2.545100,62.4000,20.6000,17.1000,high
C104,2.638250,2.639190,2.640140,2.641230,2.642460,2.643890,2.645580,2.647610,2.649980,2.652780,2.655980,2.659580,2.663610,2.668130,2.673240,2.678970,2.685250,2.692220,2.700010,2.708470,2.717450,2.726600,2.735570,2.744110,2.752210,2.760070,2.768000,2.776600,2.786360,2.797480,2.809790,2.822790,2.835960,2.849130,2.862610,2.877080,2.893270,2.911690,2.931620,2.952210,2.972270,2.990700,3.006740,3.020350,3.032490,3.044960,3.059860,3.079200,3.105430,3.139310,3.181330,3.230930,3.286130,3.343260,3.397530,3.444510,3.481550,3.508490,3.527140,3.539840,3.548530,3.554410,3.558300,3.560230,3.559980,3.557400,3.552530,3.545500,3.536480,3.525650,3.513210,3.499340,3.484270,3.468050,3.450750,3.432450,3.413340,3.393700,3.373880,3.353940,3.333720,3.313270,3.292390,3.270940,3.248630,3.225260,3.200960,3.176150,3.151440,3.127260,3.103790,3.080900,3.058420,3.036290,3.014480,2.993020,2.971850,2.950810,2.929790,2.908760,60.3000,21.5000,17.6000,high
C105,2.878370,2.882710,2.887080,2.891460,2.895920,2.900460,2.905090,2.909970,2.915020,2.920240,2.925670,2.931290,2.937150,2.943290,2.949740,2.956510,2.963660,2.971140,2.979080,2.987470,2.996210,3.005050,3.013820,3.022420,3.030800,3.039060,3.047470,3.056340,3.065900,3.076210,3.087110,3.098280,3.109440,3.120590,3.132150,3.144640,3.158530,3.173700,3.189510,3.205210,3.219890,3.232770,3.243480,3.252240,3.259950,3.268130,3.278410,3.292840,3.312230,3.337160,3.367720,3.403060,3.441310,3.479640,3.514800,3.544120,3.566290,3.581670,3.591710,3.598010,3.601820,3.603940,3.604540,3.603670,3.601220,3.597150,3.591430,3.584160,3.575500,3.565660,3.554780,3.542970,3.530270,3.516770,3.502700,3.488040,3.472910,3.457600,3.442230,3.426870,3.411440,3.395800,3.379860,3.363430,3.346360,3.328670,3.310440,3.291990,3.273730,3.255920,3.238640,3.221810,3.205240,3.188850,3.172610,3.156570,3.140610,3.124570,3.108470,3.092320,58.0000,23.0000,18.7000,high
C106,2.471350,2.471740,2.472260,2.472870,2.473610,2.474530,2.475670,2.477110,2.478920,2.481070,2.483520,2.486350,2.489580,2.493260,2.497470,2.502240,2.507550,2.513500,2.520010,2.527080,2.534500,2.541930,2.549050,2.555760,2.562110,2.568380,2.575080,2.582700,2.591440,2.601450,2.612490,2.624070,2.635750,2.647440,2.659490,2.672550,2.687400,2.703750,2.720960,2.738040,2.753940,2.767690,2.778840,2.787740,2.795580,2.804170,2.815510,2.831990,2.854530,2.883900,2.920190,2.962460,3.008540,3.054990,3.097700,3.133210,3.159930,3.178370,3.190280,3.197720,3.202300,3.204940,3.205960,3.205320,3.202920,3.198590,3.192330,3.184300,3.174710,3.163790,3.151700,3.138560,3.124400,3.109430,3.093710,3.077320,3.060380,3.043190,3.025950,3.008680,2.991360,2.973840,2.955990,2.937600,2.918470,2.898550,2.877970,2.857140,2.836530,2.816480,2.797100,2.778310,2.759890,2.741720,2.723780,2.706110,2.688570,2.670980,2.653300,2.635690,58.7000,24.9000,16.0000,high
C107,3.133590,3.140210,3.146710,3.153230,3.159810,3.166440,3.173150,3.180090,3.187200,3.194580,3.202170,3.209900,3.217850,3.226110,3.234710,3.243690,3.253100,3.262880,3.273200,3.283940,3.295030,3.306210,3.317200,3.327820,3.338040,3.348060,3.358350,3.369350,3.381240,3.394170,3.407860,3.421890,3.435900,3.449780,3.463870,3.478790,3.495110,3.512690,3.530800,3.548470,3.564710,3.578620,3.589820,3.598710,3.606410,3.614620,3.625330,3.640880,3.662170,3.689810,3.723830,3.763410,3.806410,3.849660,3.889600,3.923280,3.949300,3.968040,3.981140,3.990400,3.997040,4.001780,4.004850,4.006460,4.006410,4.004520,4.000820,3.995430,3.988500,3.980280,3.970880,3.960410,3.948880,3.936420,3.923220,3.909310,3.894860,3.880060,3.865110,3.850080,3.834860,3.819350,3.803410,3.786800,3.769340,3.751010,3.731970,3.712580,3.693340,3.674530,3.656190,3.638220,3.620450,3.602740,3.585120,3.567520,3.549910,3.532140,3.514070,3.495810,56.7000,26.0000,16.8000,high
C108,2.708790,2.709990,2.711170,2.712400,2.713830,2.715510,2.717470,2.719830,2.722590,2.725800,2.729490,2.733650,2.738370,2.743710,2.749710,2.756440,2.763910,2.772230,2.781400,2.791360,2.801800,2.812280,2.822390,2.831890,2.840910,2.849820,2.859290,2.869970,2.882380,2.896600,2.912250,2.928720,2.945430,2.962200,2.979540,2.998320,3.019460,3.042570,3.066710,3.090450,3.112240,3.130800,3.145560,3.157050,3.166970,3.177920,3.192640,3.214330,3.244120,3.282820,3.330500,3.385990,3.446410,3.507230,3.563180,3.609830,3.645090,3.669600,3.685870,3.696530,3.703510,3.708040,3.710470,3.710790,3.708840,3.704470,3.697720,3.688790,3.677880,3.665240,3.651070,3.635610,3.619050,3.601420,3.582830,3.563430,3.543480,3.523220,3.502890,3.482550,3.462150,3.441450,3.420340,3.398550,3.375790,3.352010,3.327420,3.302530,3.277970,3.254170,3.231240,3.208980,3.187230,3.165820,3.144640,3.123650,3.102730,3.081670,3.060410,3.039080,57.9000,26.1000,15.3000,high
C109,2.440370,2.441370,2.442410,2.443490,2.444690,2.446120,2.447830,2.449750,2.451960,2.454600,2.457530,2.460820,2.464520,2.468690,2.473390,2.478640,2.484400,2.490870,2.497910,2.505520,2.513430,2.521310,2.528890,2.536030,2.542810,2.549510,2.556650,2.564770,2.574150,2.584880,2.596650,2.608960,2.621390,2.633880,2.646740,2.660620,2.676100,2.692900,2.710290,2.727240,2.742660,2.755640,2.765790,2.773560,2.780210,2.787580,2.797740,2.813140,2.834590,2.862720,2.897530,2.938060,2.982130,3.026400,3.067010,3.100770,3.126190,3.143750,3.155250,3.162530,3.167100,3.169780,3.170850,3.170340,3.168130,3.164120,3.158320,3.150880,3.141980,3.131800,3.120570,3.108380,3.095330,3.081490,3.067010,3.051970,3.036530,3.020880,3.005200,2.989560,2.973880,2.958030,2.941900,2.925260,2.907940,2.889890,2.871260,2.852410,2.833800,2.815780,2.798450,2.781670,2.765240,2.749030,2.733010,2.717150,2.701320,2.685420,2.669370,2.653270,56.9000,27.3000,15.4000,high
C110,2.673580,2.674340,2.675190,2.676100,2.677120,2.678350,2.679850,2.681660,2.683870,2.686490,2.689530,2.693000,2.696980,2.701550,2.706820,2.712860,2.719630,2.727270,2.735730,2.744800,2.754240,2.763610,2.772500,2.780720,2.788430,2.796050,2.804420,2.814170,2.825710,2.839040,2.853830,2.869460,2.885260,2.900960,2.916970,2.934070,2.953140,2.973790,2.995190,3.016100,3.035070,3.050870,3.062960,3.071830,3.079020,3.086900,3.098090,3.115370,3.139870,3.172310,3.212870,3.260750,3.313780,3.368490,3.420590,3.466060,3.502510,3.529690,3.549090,3.562590,3.572020,3.578670,3.582960,3.585070,3.584880,3.582270,3.577250,3.569990,3.560770,3.549850,3.537340,3.523470,3.508340,3.492210,3.475040,3.457060,3.438510,3.419530,3.400500,3.381450,3.362390,3.343160,3.323550,3.303360,3.282340,3.260370,3.237650,3.214660,3.191990,3.170050,3.149030,3.128780,3.109040,3.089640,3.070510,3.051600,3.032750,3.013800,2.994620,2.975340,53.5000,27.8000,13.2000,high
C111,2.465750,2.466460,2.467350,2.468350,2.469520,2.470890,2.472500,2.474470,2.476830,2.479710,2.482940,2.486540,2.490590,2.495180,2.500420,2.506340,2.512890,2.520170,2.528100,2.536700,2.545700,2.554680,2.563300,2.571370,2.579010,2.586540,2.594600,2.603760,2.614310,2.626370,2.639700,2.653780,2.668040,2.682240,2.696670,2.712130,2.729410,2.748230,2.767780,2.786890,2.804250,2.818680,2.829660,2.837610,2.843940,2.850830,2.860760,2.876330,2.898680,2.928490,2.965930,3.010090,3.058710,3.108150,3.153980,3.192320,3.221210,3.241080,3.253850,3.261680,3.266320,3.268830,3.269570,3.268580,3.265690,3.260740,3.253790,3.244990,3.234530,3.222620,3.209540,3.195390,3.180300,3.164290,3.147510,3.130040,3.112120,3.094000,3.075860,3.057750,3.039590,3.021270,3.002590,2.983350,2.963300,2.942330,2.920650,2.898680,2.876990,2.855960,2.835710,2.816110,2.796900,2.777950,2.759220,2.740630,2.722120,2.703490,2.684590,2.665620,56.6000,28.1000,15.2000,high
C112,2.598860,2.599130,2.599530,2.600050,2.600770,2.601730,2.602980,2.604570,2.606650,2.609150,2.612100,2.615580,2.619620,2.624300,2.629730,2.635980,2.642990,2.650960,2.659680,2.669100,2.678860,2.688440,2.697450,2.705720,2.713400,2.720970,2.729310,2.739110,2.750770,2.764340,2.779450,2.795400,2.811510,2.827500,2.843790,2.861170,2.880500,2.901410,2.922920,2.943620,2.961960,2.976640,2.987090,2.993920,2.998860,3.004530,3.013750,3.029500,3.052950,3.084760,3.124920,3.172330,3.224480,3.277460,3.326730,3.368450,3.400690,3.423880,3.439880,3.450850,3.458450,3.463810,3.467250,3.468840,3.468380,3.465720,3.460930,3.454170,3.445630,3.435550,3.424140,3.411530,3.397820,3.383130,3.367520,3.351120,3.334070,3.316730,3.299280,3.281770,3.264250,3.246490,3.228270,3.209330,3.189450,3.168460,3.146560,3.124290,3.102260,3.080910,3.060390,3.040560,3.021170,3.002010,2.982980,2.964010,2.945020,2.925750,2.906100,2.886260,54.9000,28.7000,14.3000,high
C113,2.737630,2.741090,2.744580,2.748140,2.751790,2.755600,2.759670,2.764030,2.768660,2.773620,2.778920,2.784560,2.790530,2.796930,2.803830,2.811240,2.819200,2.827790,2.837060,2.847020,2.857530,2.868290,2.878940,2.889250,2.899280,2.909190,2.919480,2.930610,2.943010,2.956710,2.971450,2.986710,3.001960,3.017030,3.032460,3.049050,3.067580,3.087600,3.108240,3.128250,3.146220,3.160950,3.171910,3.179560,3.185380,3.191690,3.200960,3.216120,3.238160,3.267830,3.305050,3.348810,3.396680,3.445020,3.489680,3.527190,3.555890,3.576200,3.589950,3.599140,3.605320,3.609550,3.612030,3.612790,3.611660,3.608580,3.603600,3.596830,3.588460,3.578700,3.567740,3.555680,3.542710,3.528880,3.514290,3.499050,3.483350,3.467450,3.451600,3.435840,3.420060,3.404080,3.387680,3.370660,3.352720,3.333790,3.314070,3.294040,3.274280,3.255130,3.236640,3.218660,3.200990,3.183440,3.165980,3.148600,3.131130,3.113350,3.095170,3.076750,53.6000,28.8000,18.2000,high
C114,2.443320,2.444090,2.444890,2.445790,2.446780,2.447960,2.449440,2.451230,2.453340,2.455770,2.458660,2.461930,2.465650,2.469890,2.474710,2.480190,2.486340,2.493120,2.500680,2.508970,2.517720,2.526540,2.535060,2.542990,2.550350,2.557400,2.564660,2.572880,2.582490,2.593810,2.606660,2.620400,2.634320,2.648090,2.661880,2.676330,2.692090,2.709540,2.727820,2.745890,2.762470,2.776230,2.786350,2.792910,2.797130,2.800960,2.806800,2.816780,2.833260,2.856890,2.887980,2.925970,2.969010,3.013920,3.056760,3.093920,3.123270,3.144640,3.159310,3.169160,3.175840,3.180300,3.183130,3.184390,3.183900,3.181600,3.177440,3.171490,3.163990,3.155170,3.145150,3.134070,3.122070,3.109250,3.095670,3.081340,3.066430,3.051170,3.035840,3.020540,3.005250,2.989800,2.974090,2.957890,2.940970,2.923040,2.904180,2.884770,2.865410,2.846590,2.828520,2.811090,2.794030,2.777170,2.760500,2.743950,2.727370,2.710540,2.693400,2.676010,55.5000,28.9000,15.2000,high
C115,2.446990,2.447950,2.449000,2.450110,2.451350,2.452830,2.454620,2.456650,2.459040,2.461750,2.464850,2.468350,2.472330,2.476810,2.481820,2.487430,2.493690,2.500620,2.508240,2.516350,2.524770,2.533140,2.541150,2.548630,2.555660,2.562590,2.570040,2.578560,2.588520,2.599950,2.612550,2.625760,2.639060,2.652290,2.665800,2.680210,2.696250,2.713490,2.731180,2.748150,2.763160,2.775180,2.783800,2.789560,2.793860,2.798720,2.806440,2.819590,2.839070,2.865460,2.898720,2.937840,2.980650,3.023760,3.063380,3.096370,3.121220,3.138390,3.149610,3.156680,3.161090,3.163690,3.164720,3.164210,3.162070,3.158130,3.152430,3.145120,3.136390,3.126440,3.115440,3.103510,3.090740,3.077240,3.063120,3.048400,3.033250,3.017900,3.002580,2.987360,2.972140,2.956730,2.940990,2.924690,2.907670,2.889860,2.871360,2.852610,2.834100,2.816160,2.798910,2.782250,2.766000,2.749960,2.734020,2.718180,2.702300,2.686220,2.669840,2.653360,55.4000,29.2000,15.0000,high
C116,2.739240,2.740180,2.741270,2.742510,2.743910,2.745580,2.747620,2.750070,2.752890,2.756220,2.759920,2.764150,2.768930,2.774350,2.780480,2.787270,2.794780,2.803090,2.812210,2.822030,2.832230,2.842410,2.852110,2.861110,2.869530,2.877800,2.886570,2.896530,2.908100,2.921440,2.936230,2.951800,2.967490,2.983050,2.998750,3.015460,3.033910,3.053820,3.074220,3.093790,3.111020,3.124650,3.134160,3.140040,3.144040,3.148570,3.156290,3.170180,3.191390,3.220690,3.258170,3.302840,3.352390,3.402860,3.449570,3.488420,3.517270,3.536760,3.548950,3.555990,3.559670,3.561170,3.560910,3.558720,3.554510,3.548230,3.539890,3.529580,3.517480,3.503940,3.489130,3.473210,3.456260,3.438430,3.419780,3.400440,3.380610,3.360620,3.340630,3.320720,3.300830,3.280660,3.260070,3.238840,3.216830,3.193910,3.170220,3.146210,3.122440,3.099340,3.077160,3.055790,3.034950,3.014370,2.993930,2.973570,2.953180,2.932670,2.911910,2.890960,56.0000,29.7000,14.4000,high
C117,3.484510,3.491350,3.498140,3.504890,3.511720,3.518730,3.525900,3.533180,3.540710,3.548490,3.556440,3.564640,3.573170,3.582080,3.591380,3.601120,3.611200,3.621840,3.633090,3.644890,3.657250,3.669840,3.682300,3.694410,3.706170,3.717800,3.729660,3.742190,3.755760,3.770550,3.786300,3.802410,3.818330,3.833920,3.849710,3.866620,3.885360,3.905440,3.925940,3.945480,3.962550,3.975790,3.984470,3.989010,3.990940,3.992680,3.997030,4.006910,4.023300,4.046780,4.077320,4.113880,4.154310,4.195340,4.233340,4.265350,4.289970,4.307570,4.319390,4.327070,4.332200,4.335460,4.337310,4.337450,4.335890,4.332600,4.327580,4.320930,4.312810,4.303430,4.292990,4.281490,4.269070,4.255900,4.242040,4.227490,4.212550,4.197490,4.182450,4.167480,4.152540,4.137450,4.121980,4.105750,4.088490,4.070080,4.050710,4.030940,4.011450,3.992550,3.974220,3.956340,3.938650,3.920980,3.903260,3.885470,3.867410,3.848850,3.829570,3.809730,50.3000,30.4000,19.2000,high
C118,3.386480,3.392040,3.397670,3.403340,3.409110,3.415160,3.421600,3.428410,3.435620,3.443280,3.451340,3.459890,3.469000,3.478740,3.489170,3.500340,3.512270,3.525160,3.539000,3.553780,3.569280,3.585080,3.600680,3.615710,3.630150,3.644260,3.658710,3.674310,3.691720,3.711170,3.732310,3.754250,3.776090,3.797420,3.818760,3.841190,3.865960,3.892440,3.919380,3.944960,3.967110,3.983940,3.994500,3.999370,4.000620,4.001580,4.005990,4.017850,4.038700,4.069150,4.109150,4.157480,4.211390,4.266750,4.318570,4.362550,4.396760,4.421390,4.438730,4.451110,4.460210,4.467020,4.471870,4.474740,4.475620,4.474270,4.470610,4.464800,4.457130,4.447950,4.437440,4.425410,4.412090,4.397710,4.382160,4.365770,4.348750,4.331460,4.313930,4.296230,4.278480,4.260400,4.241770,4.222140,4.201130,4.178670,4.154920,4.130510,4.106240,4.082670,4.059980,4.037940,4.016250,3.994660,3.972960,3.951170,3.929100,3.906490,3.883010,3.858780,51.6000,31.5000,17.1000,high
C119,3.559300,3.565220,3.571290,3.577470,3.583830,3.590430,3.597350,3.604710,3.612610,3.620940,3.629710,3.638960,3.648700,3.659040,3.670100,3.681980,3.694520,3.708010,3.722350,3.737660,3.753660,3.769940,3.786020,3.801600,3.816670,3.831590,3.847060,3.863780,3.882410,3.903020,3.925230,3.948250,3.971190,3.993670,4.016270,4.039910,4.065860,4.093470,4.121360,4.147790,4.170590,4.188080,4.199420,4.205130,4.207420,4.209520,4.215070,4.228100,4.249840,4.281290,4.322440,4.371980,4.426940,4.482890,4.534780,4.578320,4.611330,4.634270,4.649280,4.658650,4.664230,4.667620,4.669100,4.668380,4.665380,4.659970,4.652370,4.642780,4.631210,4.617880,4.603160,4.587060,4.569960,4.551830,4.532640,4.512770,4.492430,4.471910,4.451340,4.430790,4.410460,4.390040,4.369050,4.346960,4.323580,4.298980,4.273270,4.246890,4.220710,4.195470,4.171310,4.147820,4.124630,4.101580,4.078510,4.055220,4.031700,4.007560,3.982680,3.957160,51.4000,32.0000,16.0000,high
C120,2.898260,2.901120,2.904040,2.907050,2.910170,2.913490,2.917080,2.920960,2.925210,2.929930,2.934980,2.940530,2.946590,2.953230,2.960570,2.968670,2.977550,2.987290,2.997830,3.008940,3.020370,3.031610,3.042240,3.052120,3.061340,3.070480,3.080280,3.091500,3.104600,3.119670,3.136370,3.153900,3.171460,3.188810,3.206230,3.224670,3.244920,3.266590,3.288550,3.309320,3.327280,3.341050,3.350000,3.354710,3.357010,3.359640,3.365530,3.377900,3.397830,3.426030,3.462350,3.505710,3.553650,3.602480,3.647890,3.686260,3.715870,3.737080,3.751690,3.761710,3.768780,3.773860,3.777320,3.779020,3.778820,3.776620,3.772470,3.766560,3.759080,3.750170,3.740100,3.728930,3.716780,3.703780,3.690100,3.675680,3.660700,3.645430,3.630140,3.614950,3.599720,3.584330,3.568500,3.551950,3.534440,3.515800,3.496170,3.476110,3.456280,3.437140,3.418810,3.401130,3.383820,3.366640,3.349450,3.332200,3.314750,3.296880,3.278470,3.259680,52.9000,32.2000,14.1000,high
C121,2.930700,2.932660,2.934660,2.936860,2.939310,2.942090,2.945260,2.948870,2.952970,2.957630,2.962900,2.968830,2.975390,2.982750,2.991090,3.000380,3.010710,3.022100,3.034550,3.047920,3.061770,3.075520,3.088580,3.100610,3.111810,3.122770,3.134300,3.147630,3.163230,3.181420,3.201720,3.223160,3.244710,3.265870,3.286910,3.308990,3.333110,3.359030,3.385440,3.410440,3.431880,3.447820,3.457210,3.460640,3.460440,3.460120,3.463410,3.474360,3.494270,3.524080,3.563770,3.612280,3.666960,3.723510,3.776760,3.822030,3.856680,3.880920,3.897010,3.907850,3.914820,3.919370,3.921960,3.922830,3.921900,3.918550,3.912880,3.905060,3.895360,3.884340,3.871980,3.858110,3.843100,3.827170,3.810610,3.793370,3.775280,3.756950,3.738740,3.720670,3.702590,3.684320,3.665650,3.646190,3.625460,3.603300,3.579850,3.555690,3.531770,3.508740,3.486710,3.465480,3.444680,3.424030,3.403360,3.382620,3.361620,3.339940,3.317450,3.294260,51.5000,34.2000,14.9000,high
C122,3.469810,3.473720,3.477720,3.481860,3.486270,3.490970,3.496030,3.501610,3.507740,3.514380,3.521630,3.529490,3.538140,3.547690,3.558220,3.569800,3.582390,3.596150,3.610960,3.626650,3.642660,3.658290,3.673030,3.686620,3.699260,3.711750,3.725100,3.740490,3.758550,3.779370,3.802330,3.826340,3.850360,3.873970,3.897690,3.922650,3.949950,3.978940,4.008140,4.035250,4.058000,4.074460,4.083840,4.087070,4.086920,4.087320,4.092340,4.106040,4.129850,4.164560,4.209980,4.264700,4.325470,4.387280,4.444350,4.491780,4.527340,4.551990,4.568060,4.578240,4.584590,4.588050,4.589770,4.589060,4.585850,4.580150,4.571980,4.561490,4.549070,4.535100,4.519710,4.503020,4.485150,4.466410,4.446820,4.426160,4.404950,4.383680,4.362640,4.341860,4.321040,4.299860,4.278140,4.255690,4.231960,4.206650,4.180090,4.153070,4.126400,4.100690,4.076120,4.052510,4.029370,4.006300,3.983150,3.959820,3.936080,3.911620,3.886320,3.860380,50.3000,35.1000,14.0000,high
C123,3.098120,3.102920,3.107750,3.112640,3.117620,3.122760,3.128140,3.133850,3.139900,3.146390,3.153200,3.160370,3.168010,3.176160,3.184900,3.194350,3.204410,3.215040,3.226480,3.238770,3.251910,3.265470,3.279030,3.292220,3.304890,3.317210,3.329540,3.342620,3.357290,3.374000,3.392560,3.412180,3.431860,3.451090,3.470120,3.489880,3.511320,3.534740,3.559000,3.582510,3.603340,3.619440,3.629290,3.632730,3.631300,3.627930,3.626160,3.629190,3.640000,3.659370,3.687490,3.723650,3.765840,3.810630,3.853870,3.891730,3.921840,3.943870,3.959190,3.969570,3.976700,3.981490,3.984590,3.986110,3.985880,3.983730,3.979700,3.973960,3.966650,3.957930,3.947950,3.936880,3.924870,3.912000,3.898350,3.883990,3.868890,3.853400,3.837970,3.822810,3.807710,3.792530,3.777060,3.761040,3.743910,3.725270,3.705200,3.684290,3.663450,3.643300,3.624040,3.605500,3.587350,3.569350,3.551310,3.533150,3.514640,3.495390,3.475180,3.454120,49.5000,35.2000,15.2000,high
C124,2.667400,2.668080,2.668850,2.669660,2.670640,2.671940,2.673630,2.675690,2.678220,2.681120,2.684500,2.688410,2.692950,2.698230,2.704290,2.711190,2.718850,2.727440,2.736920,2.747170,2.757770,2.768190,2.778000,2.787010,2.795380,2.803670,2.812730,2.823410,2.836240,2.851320,2.868210,2.886020,2.903850,2.921370,2.939040,2.957780,2.978410,3.000450,3.022600,3.043140,3.060150,3.072010,3.078040,3.078920,3.076820,3.074890,3.076380,3.084780,3.101150,3.126180,3.159720,3.200500,3.245970,3.292270,3.335010,3.370600,3.397400,3.415920,3.427970,3.435560,3.440330,3.443220,3.444470,3.444030,3.441770,3.437600,3.431560,3.423870,3.414750,3.404320,3.392760,3.380320,3.367090,3.353120,3.338450,3.323250,3.307590,3.291820,3.276180,3.260730,3.245430,3.229990,3.214210,3.197750,3.180280,3.161590,3.141920,3.121840,3.102050,3.083080,3.065070,3.047830,3.031010,3.014370,2.997720,2.980920,2.963740,2.945960,2.927450,2.908380,50.6000,36.2000,13.4000,high
C125,3.623120,3.631010,3.638850,3.646740,3.654800,3.663110,3.671720,3.680610,3.689900,3.699540,3.709610,3.720160,3.731290,3.743000,3.755360,3.768440,3.782370,3.797170,3.812890,3.829480,3.846800,3.864400,3.881750,3.898470,3.914500,3.930210,3.946460,3.964340,3.984470,4.006980,4.031410,4.056740,4.081940,4.106640,4.131320,4.157170,4.185140,4.214730,4.244310,4.272010,4.295460,4.312710,4.323070,4.327390,4.328030,4.328640,4.332940,4.345100,4.366740,4.398580,4.440570,4.491280,4.547810,4.605700,4.659610,4.705020,4.739710,4.764100,4.780520,4.791340,4.798750,4.804110,4.807040,4.807600,4.806000,4.802270,4.796440,4.788490,4.778580,4.766990,4.753900,4.739890,4.725080,4.709140,4.691950,4.674060,4.656080,4.637750,4.619430,4.601440,4.583490,4.565410,4.546660,4.526970,4.506020,4.483770,4.460470,4.436530,4.412590,4.389420,4.367440,4.346410,4.325730,4.304890,4.283720,4.262310,4.240440,4.217800,4.194080,4.169720,49.6000,36.5000,13.9000,high
C126,2.667600,2.669010,2.670500,2.672170,2.674120,2.676430,2.679170,2.682370,2.686130,2.690400,2.695300,2.700840,2.707060,2.714080,2.721990,2.730870,2.740750,2.751720,2.763770,2.776720,2.790240,2.803800,2.816800,2.828940,2.840320,2.851540,2.863550,2.877360,2.893680,2.912600,2.933640,2.955820,2.978060,2.999840,3.021620,3.044420,3.069290,3.095610,3.121910,3.146150,3.165990,3.179440,3.185710,3.185670,3.181900,3.178140,3.178190,3.186150,3.203230,3.230190,3.266810,3.311850,3.362580,3.414780,3.463520,3.504530,3.535580,3.556910,3.570640,3.579120,3.584310,3.587530,3.588750,3.587970,3.585130,3.580190,3.573220,3.564370,3.553840,3.541890,3.528750,3.514650,3.499740,3.484070,3.467620,3.450500,3.433070,3.415520,3.398230,3.381220,3.364410,3.347480,3.330140,3.311990,3.292660,3.271990,3.250180,3.227890,3.205920,3.184920,3.165030,3.145970,3.127340,3.108860,3.090310,3.071470,3.052080,3.031880,3.010870,2.989170,48.6000,37.8000,13.8000,high
C127,2.883740,2.885750,2.887900,2.890290,2.893020,2.896180,2.899880,2.904180,2.909170,2.914880,2.921230,2.928410,2.936540,2.945790,2.956290,2.968110,2.981240,2.995850,3.011860,3.029060,3.046860,3.064430,3.080980,3.096120,3.110060,3.123650,3.138410,3.155740,3.176530,3.201100,3.228790,3.258150,3.287530,3.315930,3.343700,3.372080,3.402440,3.434110,3.465190,3.492770,3.513560,3.524860,3.525580,3.517040,3.502920,3.488220,3.477800,3.476750,3.486510,3.507850,3.540450,3.582990,3.632520,3.684490,3.733600,3.775250,3.807090,3.829430,3.843960,3.853450,3.859660,3.863870,3.866060,3.866610,3.865210,3.861670,3.856040,3.848590,3.839730,3.829670,3.818370,3.806100,3.793140,3.779600,3.765390,3.750470,3.735140,3.719910,3.704870,3.690320,3.676150,3.661990,3.647340,3.631800,3.614680,3.595620,3.574990,3.553630,3.532580,3.512580,3.493860,3.476170,3.458880,3.441600,3.423870,3.405470,3.386010,3.365180,3.342970,3.319490,43.9000,44.7000,12.1000,high
C128,2.792630,2.794020,2.795510,2.797170,2.799090,2.801350,2.804050,2.807200,2.810820,2.815110,2.819900,2.825350,2.831580,2.838710,2.846870,2.856100,2.866390,2.877910,2.890550,2.904190,2.918420,2.932500,2.945770,2.957890,2.969020,2.979960,2.991980,3.006260,3.023620,3.044200,3.067360,3.091850,3.116300,3.139960,3.163180,3.187110,3.212690,3.239320,3.265110,3.287600,3.304010,3.312030,3.310740,3.301250,3.286680,3.271500,3.260080,3.256870,3.263060,3.279240,3.305160,3.339340,3.379090,3.420590,3.459590,3.492600,3.517780,3.535360,3.546930,3.554300,3.559110,3.562200,3.563790,3.563940,3.562460,3.559290,3.554470,3.548170,3.540680,3.532160,3.522810,3.512870,3.502330,3.491290,3.479730,3.467710,3.455370,3.443080,3.431210,3.419800,3.408720,3.397680,3.386310,3.374170,3.360720,3.345640,3.329090,3.311830,3.294850,3.278870,3.264090,3.250200,3.236620,3.222970,3.208930,3.194310,3.178750,3.161880,3.143600,3.124170,42.1000,45.0000,11.8000,high
C129,2.740190,2.741040,2.742080,2.743360,2.744960,2.746970,2.749550,2.752760,2.756670,2.761280,2.766630,2.772770,2.779880,2.788190,2.797850,2.808810,2.821160,2.834930,2.850190,2.866750,2.884030,2.901110,2.917090,2.931560,2.944860,2.957950,2.972450,2.989900,3.011100,3.036280,3.064640,3.094580,3.124430,3.153280,3.181440,3.210260,3.241000,3.272670,3.303150,3.329380,3.348030,3.356350,3.353380,3.340730,3.322360,3.303590,3.289530,3.285290,3.292290,3.311130,3.341370,3.381320,3.427790,3.476300,3.521890,3.560510,3.590150,3.611130,3.625350,3.634910,3.641530,3.646120,3.649080,3.650360,3.649820,3.647330,3.642920,3.636850,3.629380,3.620720,3.611160,3.600840,3.589910,3.578440,3.566250,3.553550,3.540430,3.527390,3.514820,3.502810,3.491170,3.479430,3.467210,3.453990,3.439210,3.422540,3.404220,3.385060,3.366200,3.348490,3.332160,3.316810,3.301810,3.286640,3.270970,3.254460,3.236810,3.217480,3.196470,3.174200,42.2000,45.7000,11.0000,high
M001,3.003500,3.006930,3.010340,3.013830,3.017460,3.021260,3.025230,3.029460,3.033900,3.038700,3.043730,3.049010,3.054620,3.060600,3.067010,3.073880,3.081180,3.089050,3.097420,3.106280,3.115590,3.125070,3.134430,3.143470,3.152190,3.160760,3.169630,3.179230,3.189830,3.201570,3.214190,3.227220,3.240230,3.253110,3.266130,3.279840,3.294960,3.311060,3.327560,3.343380,3.357410,3.368700,3.376810,3.382080,3.385670,3.389380,3.395250,3.405640,3.421550,3.443620,3.471880,3.505570,3.542840,3.580670,3.615530,3.644370,3.665680,3.679730,3.688000,3.692250,3.693730,3.693390,3.691530,3.688230,3.683310,3.676700,3.668410,3.658540,3.647330,3.634980,3.621600,3.607390,3.592390,3.576750,3.560510,3.543770,3.526670,3.509510,3.492410,3.475450,3.458550,3.441560,3.424260,3.406540,3.388180,3.369080,3.349350,3.329370,3.309590,3.290390,3.271850,3.253850,3.236150,3.218600,3.201210,3.183850,3.166510,3.149030,3.131230,3.113200,54.1000,29.8000,15.7000,high
M002,2.788160,2.789460,2.790880,2.792380,2.794000,2.795810,2.797810,2.800030,2.802510,2.805200,2.808130,2.811220,2.814620,2.818260,2.822140,2.826310,2.830780,2.835560,2.840660,2.846060,2.851640,2.857210,2.862760,2.868310,2.873820,2.879330,2.884860,2.890350,2.895900,2.901470,2.907080,2.912850,2.918940,2.925640,2.933330,2.942290,2.952670,2.964640,2.978010,2.992460,3.007770,3.023850,3.040680,3.058430,3.077500,3.098500,3.122140,3.149290,3.181150,3.217950,3.258980,3.302400,3.345000,3.383170,3.414060,3.436520,3.451150,3.459600,3.463750,3.464990,3.464100,3.461350,3.456900,3.450580,3.442280,3.431990,3.419820,3.405990,3.390610,3.373810,3.355750,3.336530,3.316270,3.295150,3.273230,3.250750,3.227780,3.204510,3.180920,3.157010,3.132800,3.108260,3.083330,3.058000,3.032360,3.006490,2.980640,2.955020,2.929750,2.904910,2.880480,2.856460,2.832930,2.810040,2.787870,2.766450,2.745800,2.725820,2.706450,2.687710,72.8000,5.9000,20.7000,low
M003,3.027680,3.032860,3.038080,3.043350,3.048760,3.054360,3.060270,3.066560,3.073190,3.080180,3.087590,3.095420,3.103750,3.112730,3.122440,3.132870,3.144010,3.155890,3.168770,3.182580,3.197150,3.212040,3.226730,3.240830,3.254270,3.267380,3.280950,3.295820,3.312720,3.332040,3.353490,3.376230,3.399200,3.421650,3.443560,3.465900,3.489590,3.514350,3.539040,3.561870,3.580600,3.593090,3.597910,3.595040,3.586240,3.574950,3.565650,3.561320,3.564130,3.575090,3.594310,3.621140,3.653920,3.690030,3.726060,3.758470,3.783990,3.802660,3.815600,3.824330,3.830220,3.834130,3.836510,3.837580,3.837380,3.835820,3.832760,3.828270,3.822560,3.815800,3.808200,3.799930,3.791120,3.781850,3.772170,3.762060,3.751620,3.741040,3.730600,3.720560,3.710980,3.701650,3.692240,3.682460,3.671940,3.660280,3.647250,3.633140,3.618610,3.604460,3.591190,3.578890,3.567160,3.555640,3.544000,3.532050,3.519550,3.506200,3.491750,3.476130,41.4000,46.0000,12.5000,high
M004,2.066420,2.065830,2.065180,2.064650,2.064170,2.063730,2.063400,2.063140,2.063010,2.063170,2.063470,2.063870,2.064340,2.064930,2.065720,2.066730,2.067940,2.069370,2.070920,2.072770,2.074890,2.077180,2.079520,2.081840,2.084160,2.086460,2.088710,2.090840,2.092890,2.094780,2.096610,2.098490,2.100660,2.103470,2.107220,2.112240,2.119080,2.127810,2.138550,2.151380,2.166190,2.182860,2.201280,2.221350,2.243080,2.266630,2.292410,2.321410,2.354020,2.391010,2.432530,2.477950,2.525360,2.571700,2.613490,2.648050,2.674350,2.693320,2.706750,2.716380,2.723550,2.728830,2.732510,2.734560,2.734880,2.733350,2.729970,2.724810,2.717970,2.709590,2.699810,2.688760,2.676590,2.663350,2.649210,2.634220,2.618520,2.602270,2.585620,2.568600,2.551130,2.533260,2.514900,2.496060,2.476820,2.457260,2.437480,2.417610,2.397800,2.378180,2.358810,2.339720,2.320940,2.302540,2.284610,2.267310,2.250740,2.234910,2.219830,2.205400,76.1000,1.4000,21.6000,low
M005,2.600330,2.600950,2.601670,2.602470,2.603400,2.604480,2.605720,2.607150,2.608810,2.610760,2.612910,2.615240,2.617800,2.620600,2.623640,2.626930,2.630440,2.634250,2.638350,2.642720,2.647360,2.652140,2.657000,2.661890,2.666740,2.671560,2.676360,2.681070,2.685750,2.690390,2.695020,2.699660,2.704430,2.709540,2.715300,2.722010,2.730220,2.739990,2.751260,2.764000,2.778080,2.793300,2.809490,2.826570,2.844660,2.864100,2.885350,2.909520,2.937200,2.969200,3.005970,3.047000,3.090550,3.133610,3.172520,3.204100,3.226770,3.240950,3.248780,3.252060,3.252350,3.250480,3.246810,3.241370,3.234020,3.224650,3.213230,3.199890,3.184850,3.168260,3.150250,3.130960,3.110460,3.088940,3.066580,3.043410,3.019570,2.995330,2.970750,2.945840,2.920670,2.895170,2.869300,2.843030,2.816350,2.789360,2.762240,2.735150,2.708250,2.681690,2.655510,2.629780,2.604530,2.579800,2.555690,2.532320,2.509790,2.488070,2.467120,2.446860,74.0000,4.6000,20.8000,low
M006,2.240770,2.240640,2.240460,2.240350,2.240290,2.240310,2.240450,2.240750,2.241200,2.241870,2.242740,2.243810,2.245080,2.246560,2.248240,2.250140,2.252300,2.254740,2.257520,2.260590,2.263900,2.267410,2.270960,2.274500,2.278040,2.281490,2.285010,2.288480,2.292110,2.295870,2.299770,2.303800,2.307990,2.312490,2.317660,2.323920,2.331630,2.341330,2.352830,2.366040,2.380710,2.396600,2.413460,2.431190,2.449940,2.470110,2.492240,2.517080,2.546010,2.579580,2.618390,2.662160,2.709350,2.757050,2.801560,2.839550,2.869150,2.890500,2.905180,2.915080,2.921870,2.926340,2.929080,2.930140,2.929380,2.926730,2.922150,2.915700,2.907550,2.897830,2.886710,2.874340,2.860820,2.846230,2.830660,2.814310,2.797290,2.779770,2.761890,2.743680,2.725130,2.706280,2.687060,2.667390,2.647300,2.626760,2.605810,2.584720,2.563750,2.543050,2.522690,2.502660,2.482950,2.463580,2.444660,2.426340,2.408670,2.391640,2.375200,2.359300,72.5000,6.4000,20.9000,low
M007,2.901880,2.904030,2.906240,2.908480,2.910750,2.913070,2.915480,2.918070,2.920820,2.923810,2.926960,2.930290,2.933820,2.937570,2.941550,2.945800,2.950330,2.955200,2.960370,2.965770,2.971400,2.977150,2.982820,2.988300,2.993580,2.998630,3.003610,3.008560,3.013650,3.018930,3.024390,3.029940,3.035600,3.041600,3.048270,3.056120,3.065800,3.077190,3.090170,3.104460,3.119750,3.135740,3.152200,3.169120,3.186890,3.206190,3.227970,3.253710,3.284090,3.319920,3.361410,3.407850,3.457220,3.506140,3.550680,3.587600,3.615530,3.635330,3.648870,3.658170,3.664690,3.669280,3.672070,3.673070,3.672160,3.669220,3.664200,3.657180,3.648330,3.637750,3.625600,3.611990,3.596930,3.580640,3.563220,3.544800,3.525440,3.505430,3.484870,3.463860,3.442340,3.420270,3.397590,3.374250,3.350190,3.325530,3.300420,3.275090,3.249810,3.224750,3.199980,3.175520,3.151390,3.127670,3.104460,3.081830,3.059760,3.038240,3.017190,2.996630,70.3000,8.5000,21.0000,low
M008,2.308170,2.306550,2.304980,2.303440,2.301980,2.300670,2.299550,2.298610,2.297930,2.297480,2.297280,2.297310,2.297610,2.298210,2.299190,2.300500,2.302140,2.304160,2.306580,2.309390,2.312460,2.315610,2.318700,2.321680,2.324630,2.327630,2.330810,2.334340,2.338410,2.343030,2.348080,2.353340,2.358750,2.364580,2.371380,2.379630,2.389660,2.401480,2.414970,2.429730,2.445330,2.461330,2.477460,2.493850,2.511030,2.529760,2.550990,2.575730,2.604860,2.639260,2.679480,2.724830,2.773260,2.821180,2.864540,2.900300,2.927520,2.947120,2.960990,2.970790,2.977690,2.982470,2.985390,2.986400,2.985350,2.982160,2.976900,2.969680,2.960670,2.950060,2.938050,2.924840,2.910550,2.895230,2.879020,2.862060,2.844540,2.826690,2.808630,2.790360,2.771870,2.753120,2.734100,2.714710,2.694860,2.674620,2.654160,2.633770,2.613750,2.594260,2.575280,2.556770,2.538690,2.521100,2.504120,2.487750,2.471950,2.456620,2.441700,2.427230,65.7000,11.0000,16.3000,low
M009,2.404390,2.401030,2.397800,2.394730,2.391850,2.389190,2.386850,2.384860,2.383240,2.381990,2.381100,2.380600,2.380550,2.381040,2.382100,2.383710,2.385830,2.388470,2.391750,2.395580,2.399780,2.404020,2.408040,2.411790,2.415340,2.418830,2.422550,2.426870,2.432150,2.438510,2.445670,2.453090,2.460560,2.468370,2.477360,2.488260,2.501430,2.516840,2.534120,2.552530,2.571150,2.589060,2.605870,2.621870,2.638180,2.656410,2.678250,2.705220,2.738430,2.778800,2.826700,2.881010,2.938840,2.995540,3.046160,3.087550,3.118990,3.142150,3.159400,3.172660,3.183210,3.191730,3.198330,3.202890,3.205210,3.205250,3.202980,3.198530,3.192040,3.183700,3.173680,3.162050,3.148970,3.134500,3.118750,3.101890,3.084110,3.065640,3.046660,3.027200,3.007230,2.986730,2.965650,2.943810,2.920990,2.897190,2.872740,2.848120,2.823840,2.800120,2.776920,2.754160,2.731790,2.709920,2.688640,2.667950,2.647720,2.627780,2.608080,2.588800,64.6000,13.5000,16.7000,low
M010,3.865430,3.872170,3.878990,3.885950,3.893090,3.900470,3.908050,3.915750,3.923660,3.931950,3.940640,3.949570,3.958700,3.968050,3.977730,3.987860,3.998440,4.009360,4.020650,4.032380,4.044410,4.056610,4.068860,4.081000,4.092960,4.104880,4.116800,4.129040,4.141700,4.154760,4.168110,4.181590,4.195000,4.208270,4.221830,4.236070,4.251720,4.268500,4.286330,4.304510,4.322250,4.339050,4.354640,4.369090,4.383060,4.397550,4.414260,4.434850,4.460150,4.491060,4.528070,4.570260,4.615380,4.660030,4.700250,4.732790,4.756130,4.770700,4.778130,4.780810,4.780580,4.777900,4.773330,4.766690,4.757980,4.747200,4.734170,4.719060,4.702190,4.683670,4.663660,4.642410,4.619880,4.596100,4.571320,4.545990,4.520210,4.493760,4.467220,4.440440,4.413470,4.386210,4.358520,4.330360,4.301580,4.272170,4.242260,4.212190,4.182400,4.153170,4.124480,4.096230,4.068370,4.040960,4.013990,3.987550,3.961630,3.936140,3.911030,3.886120,63.6000,17.0000,19.7000,high
M011,3.667780,3.671310,3.674940,3.678660,3.682620,3.686890,3.691700,3.697160,3.703200,3.709840,3.717260,3.725470,3.734660,3.744860,3.756280,3.768910,3.782710,3.797620,3.813650,3.830590,3.847730,3.864170,3.879300,3.893130,3.906270,3.919570,3.933930,3.950300,3.969670,3.992240,4.017300,4.043340,4.069100,4.094790,4.121820,4.151700,4.185160,4.221980,4.260840,4.300270,4.337920,4.371530,4.400130,4.424700,4.448330,4.474920,4.507940,4.550260,4.603660,4.669690,4.748870,4.839840,4.937470,5.032770,5.117240,5.185400,5.236970,5.272410,5.298210,5.316310,5.329990,5.340490,5.348570,5.352790,5.353470,5.350300,5.345620,5.336750,5.324700,5.308650,5.291390,5.273230,5.252690,5.229660,5.204560,5.178010,5.150680,5.121810,5.093110,5.063040,5.031940,5.000150,4.967620,4.934540,4.899220,4.862010,4.824030,4.785510,4.747220,4.709670,4.673640,4.638640,4.604270,4.570100,4.536540,4.503190,4.470400,4.437760,4.404960,4.372360,62.4000,22.4000,11.5000,high
M012,3.249320,3.255380,3.261520,3.267860,3.274390,3.281160,3.288240,3.295610,3.303330,3.311610,3.320260,3.329350,3.338940,3.349090,3.359900,3.371460,3.383720,3.396800,3.410690,3.425540,3.441140,3.456970,3.472600,3.487740,3.502170,3.516230,3.530440,3.545690,3.562690,3.581430,3.601600,3.622440,3.643210,3.663660,3.684200,3.706080,3.730410,3.756480,3.783630,3.810150,3.834290,3.854570,3.870180,3.881470,3.890250,3.899140,3.911600,3.930760,3.958240,3.994890,4.041150,4.095530,4.155480,4.216710,4.273890,4.322570,4.359740,4.384800,4.401940,4.413040,4.421200,4.426650,4.429750,4.431090,4.430030,4.426250,4.420190,4.411970,4.401830,4.390280,4.377200,4.362550,4.346490,4.329060,4.311050,4.291590,4.271180,4.250720,4.230380,4.209960,4.189130,4.168350,4.146940,4.124550,4.100720,4.075270,4.048710,4.021620,3.994730,3.968510,3.942970,3.918130,3.893590,3.869140,3.845050,3.820990,3.796600,3.771850,3.746640,3.721050,54.2000,27.9000,17.6000,high
M013,3.322890,3.329880,3.336710,3.343510,3.350410,3.357520,3.364780,3.372180,3.379920,3.388020,3.396390,3.405000,3.413960,3.423460,3.433600,3.444240,3.455200,3.466740,3.479310,3.492550,3.506310,3.520390,3.534510,3.548390,3.561810,3.574810,3.587680,3.601410,3.616640,3.633520,3.651870,3.671020,3.690250,3.709220,3.728140,3.747790,3.769190,3.792530,3.816810,3.840670,3.862550,3.880850,3.894360,3.902960,3.907890,3.911490,3.916760,3.926790,3.944250,3.969630,4.003170,4.044370,4.091330,4.140510,4.187500,4.228470,4.261290,4.285820,4.303270,4.315390,4.323910,4.330070,4.334610,4.337670,4.338690,4.337610,4.334480,4.329620,4.323240,4.315280,4.305880,4.295400,4.284110,4.272090,4.259020,4.245160,4.230580,4.215760,4.201140,4.186730,4.172100,4.157270,4.142390,4.127130,4.110840,4.093160,4.074200,4.054650,4.035410,4.016940,3.999170,3.981820,3.964730,3.947940,3.931320,3.914630,3.897640,3.880280,3.862390,3.843930,52.5000,31.5000,16.0000,high
M014,2.634880,2.635960,2.637170,2.638580,2.640220,2.642130,2.644460,2.647360,2.650780,2.654770,2.659400,2.664590,2.670570,2.677460,2.685390,2.694410,2.704460,2.715700,2.728220,2.741880,2.756350,2.770860,2.784640,2.797280,2.808800,2.819710,2.831080,2.844270,2.860350,2.879830,2.902360,2.926700,2.951300,2.975150,2.998310,3.021710,3.046320,3.072410,3.098450,3.122350,3.141320,3.152660,3.154720,3.147710,3.134010,3.117710,3.103420,3.094870,3.095620,3.106250,3.126820,3.156280,3.192440,3.231780,3.270160,3.303840,3.330470,3.349710,3.362720,3.371190,3.376700,3.380060,3.382060,3.382680,3.381740,3.379160,3.374930,3.369160,3.362160,3.354150,3.345280,3.335710,3.325580,3.314990,3.303950,3.292350,3.280300,3.268100,3.256270,3.245020,3.234110,3.223370,3.212530,3.201170,3.188660,3.174420,3.158450,3.141380,3.124330,3.108200,3.093290,3.079400,3.065980,3.052570,3.038940,3.024880,3.009980,2.993770,2.975990,2.956890,41.2000,46.5000,11.1000,high
M015,3.230240,3.240070,3.249740,3.259220,3.268560,3.277840,3.287120,3.296400,3.305640,3.314850,3.324010,3.333230,3.342450,3.351660,3.360850,3.370040,3.379310,3.388670,3.398190,3.407740,3.417350,3.426990,3.436570,3.446030,3.455400,3.464720,3.473900,3.482950,3.491940,3.500860,3.509700,3.518470,3.527260,3.536190,3.545470,3.555470,3.566440,3.578410,3.591480,3.605490,3.620360,3.635960,3.652140,3.668870,3.686240,3.704580,3.724350,3.746450,3.771320,3.799460,3.831150,3.865970,3.902640,3.939020,3.972540,4.000960,4.023170,4.039420,4.051030,4.059380,4.065450,4.069940,4.073000,4.074770,4.075060,4.073820,4.071080,4.066850,4.061200,4.054350,4.046530,4.037840,4.028280,4.017900,4.006800,3.995070,3.982930,3.970490,3.957840,3.944990,3.931910,3.918520,3.904820,3.890850,3.876600,3.862100,3.847420,3.832620,3.817890,3.803340,3.788980,3.774830,3.760840,3.747030,3.733460,3.720150,3.707230,3.694670,3.682330,3.670240,71.1000,6.1000,21.5000,low
M016,2.192170,2.191940,2.191710,2.191450,2.191190,2.191030,2.191040,2.191200,2.191450,2.191890,2.192490,2.193210,2.194100,2.195190,2.196450,2.197830,2.199400,2.201290,2.203510,2.205990,2.208650,2.211410,2.214230,2.217120,2.220030,2.222880,2.225670,2.228310,2.230820,2.233250,2.235710,2.238260,2.241090,2.244510,2.248920,2.254780,2.262640,2.272590,2.284670,2.298840,2.315060,2.333210,2.353170,2.374870,2.398310,2.423680,2.451470,2.482710,2.518010,2.558120,2.603170,2.652400,2.703690,2.753710,2.798780,2.835980,2.864320,2.884720,2.899110,2.909350,2.916870,2.922570,2.926550,2.928710,2.928940,2.927160,2.923360,2.917660,2.910220,2.901140,2.890560,2.878590,2.865350,2.850980,2.835700,2.819510,2.802620,2.785180,2.767220,2.748850,2.730090,2.710890,2.691160,2.670940,2.650250,2.629190,2.607920,2.586600,2.565380,2.544380,2.523570,2.503040,2.482900,2.463190,2.444070,2.425600,2.407850,2.390880,2.374660,2.359120,75.6000,2.0000,21.4000,low
M017,2.695960,2.697350,2.698750,2.700250,2.701820,2.703530,2.705360,2.707300,2.709510,2.712070,2.714810,2.717740,2.720800,2.724040,2.727520,2.731260,2.735330,2.739660,2.744220,2.749000,2.754020,2.759240,2.764550,2.769850,2.775090,2.780240,2.785340,2.790390,2.795470,2.800550,2.805580,2.810630,2.815830,2.821370,2.827660,2.835000,2.844000,2.854620,2.866940,2.880870,2.896240,2.912870,2.930610,2.949370,2.969230,2.990420,3.013660,3.040000,3.070320,3.105300,3.145380,3.190110,3.237660,3.284880,3.327800,3.362840,3.388310,3.404790,3.414270,3.418730,3.419890,3.419040,3.416370,3.411650,3.404800,3.395880,3.384880,3.371900,3.357070,3.340530,3.322450,3.302980,3.282280,3.260460,3.237690,3.214140,3.189890,3.165240,3.140180,3.114830,3.089140,3.063070,3.036640,3.009760,2.982460,2.954830,2.927020,2.899210,2.871580,2.844320,2.817480,2.791050,2.765060,2.739620,2.714820,2.690790,2.667550,2.645190,2.623560,2.602630,73.9000,4.7000,21.1000,low
M018,2.494730,2.495640,2.496550,2.497510,2.498530,2.499670,2.500980,2.502360,2.503870,2.505610,2.507480,2.509500,2.511680,2.513990,2.516400,2.518980,2.521810,2.524890,2.528130,2.531600,2.535260,2.539020,2.542850,2.546720,2.550530,2.554290,2.558070,2.561790,2.565570,2.569330,2.573050,2.576770,2.580600,2.584700,2.589390,2.594880,2.601660,2.609700,2.619030,2.629580,2.641190,2.653710,2.666990,2.681010,2.695870,2.711890,2.729590,2.749980,2.773570,2.800950,2.832330,2.867160,2.903790,2.939630,2.971710,2.997650,3.016470,3.028710,3.036050,3.039930,3.041480,3.041460,3.039950,3.036970,3.032420,3.026260,3.018510,3.009220,2.998450,2.986390,2.973150,2.958820,2.943520,2.927330,2.910370,2.892730,2.874520,2.855960,2.837100,2.817970,2.798530,2.778740,2.758620,2.738130,2.717280,2.696120,2.674750,2.653370,2.632110,2.611070,2.590340,2.569920,2.549840,2.530100,2.510800,2.492070,2.473910,2.456400,2.439500,2.423130,73.5000,5.3000,21.6000,low
M019,2.786510,2.788780,2.791030,2.793300,2.795630,2.798020,2.800490,2.803110,2.805820,2.808720,2.811810,2.814990,2.818340,2.821850,2.825510,2.829380,2.833460,2.837740,2.842260,2.847040,2.851990,2.857000,2.862010,2.866940,2.871790,2.876550,2.881290,2.885920,2.890620,2.895360,2.900150,2.905000,2.909950,2.915220,2.921140,2.928120,2.936620,2.946690,2.958290,2.971240,2.985360,3.000380,3.016130,3.032640,3.050100,3.068930,3.089900,3.114170,3.142470,3.175440,3.213310,3.255450,3.299980,3.343820,3.383490,3.416210,3.440830,3.458060,3.469690,3.477510,3.482810,3.486280,3.488100,3.488280,3.486700,3.483240,3.477870,3.470640,3.461730,3.451250,3.439300,3.425980,3.411400,3.395690,3.378920,3.361170,3.342650,3.323500,3.303910,3.283810,3.263230,3.242130,3.220490,3.198290,3.175510,3.152190,3.128480,3.104590,3.080760,3.057150,3.033820,3.010770,2.988010,2.965580,2.943580,2.922110,2.901290,2.881060,2.861350,2.842160,73.1000,6.0000,19.6000,low
M020,2.777780,2.780780,2.783800,2.786790,2.789790,2.792820,2.795900,2.799100,2.802420,2.805900,2.809430,2.813090,2.816890,2.820790,2.824800,2.829000,2.833400,2.838020,2.842840,2.847800,2.852920,2.858120,2.863320,2.868460,2.873490,2.878360,2.883130,2.887870,2.892530,2.897200,2.901910,2.906610,2.911400,2.916490,2.922130,2.928720,2.936780,2.946230,2.957100,2.969270,2.982520,2.996620,3.011430,3.026930,3.043300,3.060950,3.080520,3.103150,3.129380,3.159950,3.195040,3.234050,3.275230,3.315840,3.352670,3.383140,3.406160,3.422390,3.433440,3.440900,3.446000,3.449410,3.451280,3.451630,3.450330,3.447320,3.442530,3.436050,3.428020,3.418510,3.407650,3.395520,3.382280,3.367990,3.352730,3.336610,3.319750,3.302380,3.284560,3.266370,3.247730,3.228650,3.209070,3.188970,3.168380,3.147330,3.125950,3.104430,3.082950,3.061650,3.040610,3.019810,2.999270,2.979110,2.959380,2.940170,2.921460,2.903240,2.885530,2.868270,72.4000,6.4000,20.6000,low
M021,2.602650,2.603270,2.603900,2.604480,2.605110,2.605840,2.606670,2.607580,2.608700,2.610000,2.611480,2.613120,2.614890,2.616810,2.618920,2.621230,2.623820,2.626730,2.629890,2.633290,2.636870,2.640510,2.644160,2.647750,2.651220,2.654710,2.658160,2.661690,2.665340,2.669140,2.673090,2.677160,2.681440,2.686150,2.691620,2.698260,2.706600,2.716730,2.728620,2.742060,2.756860,2.772800,2.789730,2.807640,2.826780,2.847520,2.870580,2.897200,2.927980,2.963650,3.004510,3.049960,3.098100,3.145800,3.189330,3.225590,3.253160,3.272620,3.285800,3.294610,3.300520,3.304560,3.306860,3.307450,3.306170,3.302910,3.297710,3.290650,3.281870,3.271560,3.259830,3.246760,3.232500,3.217290,3.201150,3.184160,3.166550,3.148420,3.129900,3.111070,3.091910,3.072380,3.052430,3.032030,3.011200,2.989980,2.968470,2.946880,2.925450,2.904300,2.883490,2.863030,2.842940,2.823240,2.804000,2.785340,2.767310,2.749970,2.733180,2.716950,72.6000,6.8000,19.6000,low
M022,2.623260,2.624220,2.625170,2.626100,2.627080,2.628140,2.629310,2.630690,2.632260,2.633970,2.635860,2.637960,2.640280,2.642790,2.645490,2.648420,2.651560,2.655050,2.658920,2.662970,2.667140,2.671400,2.675660,2.679820,2.683910,2.688000,2.692050,2.696150,2.700410,2.704890,2.709540,2.714360,2.719410,2.724880,2.731210,2.738850,2.748440,2.760000,2.773390,2.788450,2.804900,2.822520,2.841150,2.860780,2.881620,2.904230,2.929330,2.958260,2.991880,3.030900,3.075570,3.125160,3.177510,3.229140,3.275980,3.314690,3.343980,3.364620,3.378730,3.388390,3.395160,3.399840,3.402780,3.403910,3.403020,3.400040,3.394980,3.387920,3.379020,3.368450,3.356370,3.342850,3.327990,3.311950,3.294900,3.276890,3.258140,3.238780,3.218950,3.198680,3.177970,3.156830,3.135200,3.113030,3.090330,3.067090,3.043500,3.019840,2.996320,2.973160,2.950320,2.927800,2.905660,2.883940,2.862760,2.842190,2.822370,2.803190,2.784690,2.766710,73.4000,7.1000,18.8000,low
M023,2.532740,2.533780,2.534810,2.535850,2.536970,2.538180,2.539510,2.540990,2.542630,2.544500,2.546500,2.548700,2.551070,2.553610,2.556330,2.559240,2.562410,2.565840,2.569600,2.573570,2.577750,2.582040,2.586370,2.590680,2.594920,2.599110,2.603200,2.607360,2.611560,2.615900,2.620360,2.624870,2.629510,2.634470,2.640090,2.646800,2.655070,2.664870,2.676180,2.688760,2.702370,2.716710,2.731590,2.747000,2.763090,2.780450,2.799780,2.822390,2.848890,2.879950,2.915790,2.955860,2.998390,3.040460,3.078660,3.110140,3.133630,3.149700,3.159880,3.166120,3.169630,3.171320,3.171410,3.169870,3.166590,3.161470,3.154500,3.145820,3.135540,3.123760,3.110650,3.096350,3.080960,3.064620,3.047380,3.029440,3.010820,2.991800,2.972450,2.952810,2.932870,2.912610,2.891940,2.870830,2.849270,2.827300,2.805030,2.782670,2.760470,2.738570,2.717030,2.695830,2.674960,2.654480,2.634450,2.614980,2.596100,2.577800,2.560000,2.542660,71.9000,7.3000,20.1000,low
M024,2.994760,3.000450,3.006010,3.011600,3.017210,3.022820,3.028490,3.034210,3.039990,3.045970,3.052040,3.058220,3.064480,3.070840,3.077320,3.083960,3.090790,3.097870,3.105070,3.112490,3.120090,3.127800,3.135490,3.143060,3.150510,3.157930,3.165330,3.172750,3.180210,3.187700,3.195250,3.202840,3.210480,3.218320,3.226640,3.235760,3.246060,3.257610,3.270360,3.284180,3.298860,3.314200,3.330040,3.346390,3.363460,3.381630,3.401440,3.423990,3.449920,3.479880,3.514090,3.552090,3.592260,3.631980,3.668200,3.698300,3.721020,3.736720,3.746820,3.753090,3.756770,3.758660,3.759020,3.757740,3.754820,3.750170,3.743780,3.735780,3.726320,3.715540,3.703550,3.690450,3.676360,3.661350,3.645630,3.629380,3.612520,3.595330,3.577880,3.560210,3.542360,3.524250,3.505860,3.487120,3.468080,3.448740,3.429220,3.409710,3.390380,3.371320,3.352570,3.334140,3.316020,3.298270,3.280890,3.264020,3.247620,3.231690,3.216280,3.201310,71.8000,7.8000,20.2000,low
M025,2.469430,2.469670,2.469970,2.470220,2.470560,2.471020,2.471620,2.472450,2.473480,2.474710,2.476120,2.477760,2.479660,2.481780,2.484130,2.486760,2.489680,2.492980,2.496630,2.500580,2.504780,2.509090,2.513370,2.517550,2.521680,2.525740,2.529900,2.534160,2.538640,2.543390,2.548370,2.553550,2.558980,2.564860,2.571600,2.579650,2.589710,2.601790,2.615700,2.631220,2.647980,2.665640,2.683950,2.702930,2.722950,2.744600,2.768730,2.796920,2.829890,2.868390,2.912730,2.962250,3.014800,3.066870,3.114360,3.153790,3.183610,3.204550,3.218590,3.227890,3.234100,3.238240,3.240600,3.241120,3.239660,3.236090,3.230370,3.222650,3.213150,3.202000,3.189390,3.175410,3.160170,3.143820,3.126550,3.108460,3.089650,3.070410,3.050760,3.030820,3.010550,2.989920,2.968870,2.947310,2.925200,2.902600,2.879700,2.856710,2.833880,2.811410,2.789350,2.767710,2.746430,2.725550,2.705180,2.685470,2.666390,2.647960,2.630050,2.612660,70.9000,9.0000,19.9000,low
M026,3.571380,3.581600,3.591650,3.601630,3.611530,3.621350,3.631130,3.640900,3.650730,3.660560,3.670410,3.680400,3.690470,3.700580,3.710760,3.721030,3.731440,3.742100,3.752920,3.764080,3.775420,3.786790,3.798130,3.809380,3.820510,3.831460,3.842370,3.853380,3.864500,3.875680,3.886920,3.898250,3.909610,3.921080,3.933060,3.945840,3.960000,3.975510,3.992340,4.010280,4.028960,4.048110,4.067550,4.087200,4.107250,4.128320,4.151240,4.177200,4.206870,4.240940,4.279830,4.323180,4.369490,4.416220,4.460310,4.498990,4.530570,4.554880,4.572840,4.585920,4.595740,4.603580,4.609390,4.613310,4.615220,4.614990,4.612730,4.608490,4.602550,4.595100,4.585990,4.575470,4.563540,4.550560,4.536770,4.522210,4.506860,4.490930,4.474840,4.458280,4.441510,4.424480,4.407030,4.389260,4.370980,4.352160,4.332980,4.313720,4.294710,4.276060,4.257720,4.239730,4.222060,4.204600,4.187490,4.170780,4.154650,4.138880,4.123400,4.108170,65.7000,10.0000,19.7000,low
M027,3.248820,3.254810,3.260850,3.267000,3.273280,3.279580,3.285880,3.292300,3.298880,3.305700,3.312640,3.319820,3.327230,3.334800,3.342530,3.350480,3.358720,3.367220,3.376070,3.385200,3.394610,3.404150,3.413670,3.423040,3.432240,3.441500,3.450620,3.459850,3.469220,3.478800,3.488560,3.498440,3.508360,3.518490,3.529170,3.540920,3.554300,3.569250,3.585530,3.602870,3.620860,3.639200,3.657580,3.675850,3.694460,3.714100,3.735900,3.761450,3.791120,3.825980,3.866310,3.911720,3.959940,4.007630,4.051200,4.087280,4.114020,4.132180,4.143460,4.150470,4.153790,4.155240,4.154990,4.152780,4.148490,4.142110,4.133750,4.123380,4.111060,4.097190,4.082080,4.065740,4.047970,4.029100,4.009680,3.989260,3.968210,3.946710,3.925000,3.902910,3.880530,3.857820,3.834620,3.810860,3.786510,3.761700,3.736730,3.711770,3.686940,3.662380,3.638210,3.614380,3.590860,3.567870,3.545360,3.523470,3.502140,3.481340,3.460920,3.440760,69.2000,10.5000,19.6000,low
M028,2.231030,2.230810,2.230700,2.230640,2.230620,2.230710,2.230970,2.231380,2.231930,2.232810,2.233810,2.235040,2.236520,2.238220,2.240190,2.242470,2.245070,2.248060,2.251450,2.255100,2.258990,2.262900,2.266730,2.270430,2.274010,2.277530,2.281200,2.285150,2.289400,2.293990,2.298890,2.304010,2.309350,2.315030,2.321440,2.329040,2.338570,2.349780,2.362580,2.376620,2.391450,2.406720,2.422250,2.438190,2.454990,2.473400,2.494370,2.519390,2.549050,2.584020,2.624390,2.669270,2.716490,2.762790,2.804610,2.839190,2.865510,2.884330,2.897590,2.906960,2.913800,2.918950,2.922580,2.924580,2.924770,2.923070,2.919550,2.914340,2.907510,2.899220,2.889600,2.878810,2.866850,2.853800,2.839870,2.825160,2.809780,2.793940,2.777670,2.761100,2.744160,2.726810,2.709010,2.690700,2.671780,2.652280,2.632380,2.612350,2.592460,2.572850,2.553570,2.534610,2.515950,2.497560,2.479580,2.462080,2.445130,2.428680,2.412630,2.396920,68.7000,11.0000,20.0000,low
M029,2.291720,2.292240,2.292770,2.293290,2.293890,2.294650,2.295600,2.296750,2.298110,2.299680,2.301470,2.303550,2.305920,2.308560,2.311430,2.314650,2.318240,2.322280,2.326840,2.331780,2.336950,2.342140,2.347230,2.352190,2.357030,2.361810,2.366650,2.371830,2.377440,2.383580,2.390120,2.396870,2.403760,2.410950,2.418940,2.428280,2.439600,2.452760,2.467550,2.483540,2.500120,2.516860,2.533520,2.550190,2.567490,2.586360,2.608020,2.634210,2.665590,2.702870,2.746180,2.794580,2.845850,2.896480,2.942490,2.980780,3.010100,3.031250,3.046220,3.056910,3.064900,3.071070,3.075580,3.078330,3.079120,3.077910,3.074810,3.069850,3.063130,3.054810,3.045040,3.033950,3.021670,3.008270,2.993860,2.978520,2.962520,2.946010,2.929110,2.911780,2.894070,2.875960,2.857350,2.838130,2.818200,2.797600,2.776450,2.755080,2.733840,2.712960,2.692480,2.672320,2.652400,2.632800,2.613620,2.594920,2.576700,2.558890,2.541480,2.524470,67.5000,12.2000,20.1000,low
M030,2.994630,3.000990,3.007260,3.013520,3.019820,3.026160,3.032560,3.039000,3.045540,3.052280,3.059180,3.066170,3.073270,3.080500,3.087910,3.095520,3.103370,3.111470,3.119820,3.128440,3.137380,3.146520,3.155720,3.164820,3.173710,3.182510,3.191280,3.200230,3.209540,3.219140,3.228960,3.238880,3.248820,3.258920,3.269550,3.281190,3.294410,3.309150,3.325200,3.342090,3.359140,3.375790,3.391630,3.406640,3.421390,3.436850,3.454320,3.475470,3.500980,3.531690,3.567790,3.608680,3.652610,3.696520,3.736790,3.770340,3.795780,3.813630,3.825500,3.833090,3.837860,3.840710,3.841870,3.841390,3.839170,3.835200,3.829360,3.821720,3.812570,3.802070,3.790390,3.777670,3.763950,3.749320,3.733930,3.718000,3.701630,3.685070,3.668370,3.651510,3.634490,3.617250,3.599770,3.581900,3.563520,3.544600,3.525260,3.505810,3.486560,3.467720,3.449310,3.431250,3.413450,3.395900,3.378680,3.361820,3.345310,3.329050,3.312840,3.296720,65.2000,14.0000,20.5000,high
M031,3.154920,3.160840,3.166720,3.172580,3.178500,3.184500,3.190640,3.197030,3.203650,3.210420,3.217480,3.224730,3.232180,3.239910,3.247960,3.256390,3.265180,3.274360,3.283970,3.294090,3.304570,3.315260,3.325920,3.336400,3.346670,3.356750,3.366880,3.377290,3.388160,3.399540,3.411300,3.423190,3.435060,3.447040,3.459580,3.473420,3.489190,3.506660,3.525480,3.544970,3.564300,3.582750,3.599900,3.615870,3.631450,3.648060,3.667420,3.691660,3.721680,3.758280,3.801480,3.850360,3.902660,3.954810,4.002600,4.042580,4.073220,4.095210,4.110710,4.121510,4.129310,4.134930,4.138660,4.140400,4.140080,4.137650,4.133100,4.126470,4.117950,4.107750,4.096000,4.082840,4.068430,4.052810,4.036130,4.018510,4.000240,3.981560,3.962530,3.943220,3.923600,3.903590,3.883070,3.861870,3.839840,3.816980,3.793470,3.769710,3.746120,3.722980,3.700340,3.678100,3.656120,3.634430,3.613080,3.592190,3.571610,3.551260,3.530980,3.510840,62.7000,15.9000,21.0000,high
M032,2.654720,2.655790,2.656810,2.657900,2.659110,2.660530,2.662210,2.664130,2.666290,2.668730,2.671520,2.674650,2.678110,2.681910,2.686060,2.690620,2.695640,2.701160,2.707120,2.713520,2.720140,2.726790,2.733300,2.739580,2.745670,2.751660,2.757780,2.764350,2.771560,2.779500,2.788060,2.796980,2.806070,2.815340,2.825210,2.836320,2.849330,2.864030,2.880090,2.896980,2.914010,2.930570,2.946320,2.961340,2.976340,2.992440,3.011170,3.034550,3.063350,3.098390,3.139990,3.187420,3.238650,3.290110,3.337420,3.376670,3.405800,3.425450,3.437640,3.444720,3.448590,3.450230,3.449880,3.447510,3.443170,3.436750,3.428230,3.417680,3.405270,3.391210,3.375690,3.358940,3.341090,3.322320,3.302690,3.282190,3.261080,3.239650,3.218060,3.196300,3.174320,3.152070,3.129480,3.106370,3.082680,3.058450,3.033840,3.009170,2.984710,2.960690,2.937290,2.914500,2.892220,2.870350,2.848950,2.828010,2.807550,2.787590,2.767930,2.748650,66.2000,16.5000,17.2000,high
M033,2.476870,2.477830,2.478750,2.479700,2.480780,2.482030,2.483490,2.485210,2.487180,2.489420,2.491950,2.494770,2.497970,2.501530,2.505480,2.509880,2.514720,2.520220,2.526210,2.532680,2.539460,2.546310,2.552970,2.559310,2.565390,2.571380,2.577670,2.584490,2.592130,2.600630,2.609840,2.619430,2.629150,2.639050,2.649560,2.661380,2.675270,2.691020,2.708060,2.725780,2.743310,2.759950,2.775360,2.789730,2.804000,2.819550,2.838060,2.861740,2.891400,2.927760,2.970860,3.019780,3.072220,3.124530,3.172520,3.212670,3.243450,3.265540,3.280970,3.291880,3.299770,3.305740,3.309890,3.312220,3.312540,3.310770,3.306960,3.301250,3.293790,3.284720,3.274220,3.262390,3.249410,3.235330,3.220250,3.204370,3.187750,3.170670,3.153350,3.135810,3.117990,3.099810,3.081120,3.061770,3.041640,3.020720,2.999210,2.977440,2.955810,2.934620,2.913930,2.893700,2.873810,2.854210,2.834900,2.815940,2.797340,2.778960,2.760810,2.742860,63.2000,17.7000,19.0000,high
M034,2.967060,2.971990,2.976830,2.981660,2.986540,2.991510,2.996640,3.001920,3.007420,3.013120,3.018970,3.025000,3.031250,3.037720,3.044430,3.051480,3.058880,3.066610,3.074800,3.083350,3.092220,3.101230,3.110150,3.118870,3.127370,3.135770,3.144150,3.152880,3.162130,3.171940,3.182200,3.192690,3.203250,3.213890,3.224950,3.236990,3.250620,3.265660,3.281720,3.298190,3.314330,3.329470,3.343250,3.355810,3.367940,3.380870,3.396060,3.415510,3.439970,3.470190,3.506320,3.547580,3.592070,3.636690,3.677750,3.712100,3.738200,3.756440,3.768480,3.776200,3.780990,3.783820,3.784980,3.784470,3.782200,3.778080,3.772040,3.764200,3.754750,3.743860,3.731690,3.718390,3.704100,3.688890,3.672810,3.656000,3.638630,3.621030,3.603280,3.585340,3.567300,3.548950,3.530230,3.510990,3.491110,3.470580,3.449500,3.428180,3.407010,3.386220,3.365910,3.346070,3.326500,3.307160,3.288020,3.269130,3.250530,3.232120,3.213810,3.195580,61.7000,18.8000,19.5000,high
M035,2.693110,2.695010,2.696930,2.698850,2.700910,2.703160,2.705650,2.708450,2.711500,2.714900,2.718690,2.722800,2.727310,2.732300,2.737830,2.743920,2.750610,2.757930,2.765900,2.774400,2.783220,2.792040,2.800580,2.808640,2.816270,2.823770,2.831580,2.840360,2.850360,2.861720,2.874130,2.887100,2.900200,2.913320,2.926910,2.941740,2.958610,2.977250,2.996880,3.016510,3.034900,3.050950,3.064070,3.074570,3.083720,3.093580,3.106600,3.125430,3.151010,3.184060,3.224700,3.271910,3.323300,3.375120,3.423060,3.463420,3.494400,3.516570,3.532010,3.542800,3.550540,3.556350,3.560330,3.562450,3.562620,3.560740,3.556830,3.550990,3.543380,3.534180,3.523570,3.511670,3.498660,3.484550,3.469590,3.453740,3.437160,3.420070,3.402780,3.385410,3.367870,3.349930,3.331490,3.312330,3.292240,3.271170,3.249290,3.227010,3.204880,3.183290,3.162350,3.142000,3.122070,3.102340,3.082820,3.063490,3.044270,3.024980,3.005550,2.986110,60.3000,23.4000,16.3000,high
M036,3.058980,3.062310,3.065610,3.068960,3.072450,3.076160,3.080140,3.084440,3.089010,3.094040,3.099360,3.105140,3.111420,3.118280,3.125730,3.133820,3.142630,3.152150,3.162410,3.173340,3.184690,3.196030,3.206960,3.217290,3.227190,3.236950,3.247260,3.258630,3.271570,3.286140,3.302030,3.318620,3.335350,3.352070,3.369240,3.387660,3.408240,3.430650,3.453960,3.476810,3.497660,3.515180,3.528770,3.538900,3.547240,3.556370,3.568960,3.588170,3.615080,3.650420,3.694150,3.745190,3.800930,3.857300,3.909500,3.953500,3.987380,4.011920,4.029100,4.041160,4.049930,4.056400,4.060880,4.063340,4.063720,4.061870,4.057740,4.051480,4.043340,4.033600,4.022370,4.009840,3.996070,3.981270,3.965480,3.948930,3.931660,3.913990,3.896190,3.878420,3.860480,3.842210,3.823400,3.803840,3.783310,3.761700,3.739160,3.716220,3.693550,3.671590,3.650440,3.629930,3.609820,3.589900,3.570100,3.550450,3.530830,3.510980,3.490820,3.470490,56.9000,26.7000,15.6000,high
M037,3.289230,3.294350,3.299520,3.304820,3.310240,3.315840,3.321750,3.327990,3.334620,3.341610,3.348840,3.356580,3.364840,3.373650,3.383040,3.393050,3.403770,3.415120,3.427110,3.439800,3.453250,3.467120,3.480940,3.494370,3.507430,3.520310,3.533330,3.547020,3.562110,3.578890,3.597060,3.615900,3.634770,3.653440,3.672300,3.692410,3.714910,3.739520,3.765040,3.790100,3.813030,3.832280,3.846940,3.857170,3.864380,3.871210,3.880870,3.897140,3.921300,3.954250,3.995680,4.044700,4.098920,4.154420,4.206170,4.249580,4.282420,4.304940,4.318810,4.327010,4.332870,4.336200,4.337320,4.335750,4.332180,4.326360,4.318470,4.308510,4.296350,4.282590,4.267730,4.251570,4.234510,4.216010,4.196700,4.176030,4.154890,4.133600,4.112970,4.091910,4.070250,4.048310,4.026080,4.003450,3.979740,3.954690,3.928510,3.901800,3.875320,3.849640,3.825070,3.801370,3.777890,3.754570,3.731540,3.708830,3.686010,3.662490,3.638660,3.614740,55.6000,28.3000,16.3000,high
M038,2.408980,2.409860,2.410820,2.411820,2.412950,2.414290,2.415860,2.417720,2.419950,2.422520,2.425420,2.428690,2.432420,2.436710,2.441570,2.446970,2.453000,2.459750,2.467210,2.475210,2.483470,2.491600,2.499310,2.506460,2.513190,2.519870,2.527150,2.535480,2.545270,2.556600,2.569110,2.582230,2.595450,2.608590,2.621960,2.636250,2.652150,2.669210,2.686600,2.703220,2.717890,2.729600,2.738000,2.743590,2.747850,2.752800,2.760670,2.774010,2.793560,2.819990,2.853240,2.892300,2.934900,2.977750,3.017140,3.050010,3.074930,3.092350,3.103990,3.111560,3.116560,3.119720,3.121410,3.121550,3.119990,3.116700,3.111650,3.104990,3.096960,3.087720,3.077420,3.066220,3.054180,3.041410,3.028010,3.014010,2.999600,2.984990,2.970380,2.955840,2.941290,2.926550,2.911450,2.895830,2.879500,2.862350,2.844550,2.826490,2.808630,2.791350,2.774750,2.758700,2.742990,2.727470,2.712020,2.696630,2.681220,2.665600,2.649740,2.633710,55.5000,28.9000,15.2000,high
M039,3.146120,3.150930,3.155740,3.160610,3.165660,3.170920,3.176440,3.182310,3.188610,3.195400,3.202450,3.209850,3.217750,3.226240,3.235370,3.245170,3.255560,3.266700,3.278610,3.291340,3.304800,3.318670,3.332540,3.346050,3.359150,3.372050,3.385310,3.399570,3.415470,3.433270,3.452620,3.472750,3.492820,3.512470,3.532300,3.553550,3.577440,3.603410,3.630300,3.656310,3.679260,3.697160,3.708790,3.714400,3.716000,3.716880,3.720900,3.732200,3.752230,3.781760,3.820680,3.867740,3.920170,3.973820,4.023880,4.066290,4.099210,4.123020,4.139730,4.151580,4.160200,4.166840,4.171530,4.174280,4.175030,4.173650,4.170110,4.164540,4.157200,4.148280,4.137920,4.126220,4.113290,4.099340,4.084320,4.068390,4.051810,4.034790,4.017700,4.000640,3.983510,3.966100,3.948090,3.929130,3.908870,3.887030,3.863810,3.839950,3.816340,3.793570,3.771650,3.750410,3.729520,3.708730,3.687960,3.667070,3.645910,3.624030,3.601360,3.578030,53.3000,31.1000,16.3000,high
M040,2.990430,2.995040,2.999750,3.004490,3.009300,3.014290,3.019530,3.025040,3.030880,3.036970,3.043420,3.050190,3.057360,3.064990,3.073120,3.081800,3.091010,3.100820,3.111300,3.122410,3.134050,3.145910,3.157590,3.168880,3.179790,3.190580,3.201760,3.213910,3.227500,3.242680,3.259140,3.276200,3.293220,3.309910,3.326660,3.344460,3.364000,3.384840,3.405990,3.425970,3.443240,3.456450,3.464960,3.469250,3.470940,3.472570,3.476970,3.487240,3.504500,3.529440,3.561990,3.601120,3.644520,3.688620,3.729370,3.763410,3.789120,3.806820,3.818110,3.825040,3.829030,3.831150,3.831680,3.830520,3.827590,3.822780,3.816110,3.807700,3.797790,3.786650,3.774420,3.761230,3.747140,3.732180,3.716570,3.700370,3.683740,3.666930,3.650210,3.633580,3.616970,3.600200,3.583020,3.565190,3.546470,3.526710,3.506090,3.485100,3.464310,3.444140,3.424740,3.405970,3.387530,3.369220,3.350910,3.332530,3.313860,3.294750,3.275050,3.254910,52.2000,33.7000,14.2000,high
M041,2.814240,2.818710,2.823150,2.827630,2.832210,2.836940,2.841850,2.847010,2.852410,2.858120,2.864080,2.870330,2.876950,2.883980,2.891440,2.899430,2.907890,2.917000,2.926650,2.936870,2.947640,2.958610,2.969420,2.979910,2.990030,3.000020,3.010300,3.021550,3.034190,3.048320,3.063590,3.079410,3.095190,3.110690,3.126350,3.142930,3.161000,3.180210,3.199470,3.217460,3.232620,3.243650,3.249940,3.251990,3.251460,3.250710,3.252420,3.259520,3.272960,3.293270,3.320270,3.352960,3.389310,3.426330,3.460650,3.489490,3.511490,3.526910,3.537120,3.543640,3.547790,3.550310,3.551430,3.551180,3.549470,3.546220,3.541430,3.535200,3.527760,3.519330,3.510020,3.499870,3.489020,3.477560,3.465510,3.453000,3.440120,3.427210,3.414440,3.401850,3.389370,3.376780,3.363840,3.350300,3.335930,3.320620,3.304510,3.288040,3.271770,3.256100,3.241130,3.226680,3.212500,3.198390,3.184220,3.169920,3.155220,3.140020,3.124210,3.107890,49.5000,35.2000,15.2000,high
M042,3.230210,3.233480,3.236780,3.240260,3.243990,3.248070,3.252560,3.257510,3.263010,3.269270,3.276140,3.283720,3.292110,3.301490,3.311980,3.323630,3.336440,3.350510,3.365760,3.382060,3.398910,3.415630,3.431470,3.445990,3.459410,3.472530,3.486610,3.503060,3.522620,3.545580,3.571360,3.598670,3.626060,3.652780,3.679270,3.706840,3.736980,3.769010,3.801110,3.830840,3.855230,3.871650,3.878930,3.878010,3.872030,3.865600,3.863590,3.870880,3.889180,3.919340,3.961190,4.013190,4.072230,4.133390,4.190840,4.239580,4.277030,4.303650,4.321860,4.334180,4.342800,4.348940,4.353090,4.354990,4.354580,4.351810,4.346690,4.339380,4.330070,4.319060,4.306640,4.292930,4.278210,4.262530,4.245690,4.227920,4.209580,4.190880,4.172310,4.154100,4.135910,4.117460,4.098410,4.078420,4.056950,4.033580,4.008540,3.982640,3.957000,3.932480,3.909260,3.887070,3.865370,3.843750,3.821930,3.799780,3.776930,3.752930,3.727640,3.701410,48.5000,38.5000,12.2000,high
M043,2.910420,2.912240,2.914190,2.916390,2.918900,2.921850,2.925380,2.929560,2.934380,2.940000,2.946340,2.953540,2.961760,2.971170,2.981930,2.994110,3.007670,3.022700,3.039200,3.056960,3.075440,3.093660,3.110710,3.126200,3.140520,3.154590,3.169980,3.188360,3.210610,3.236990,3.266700,3.298070,3.329340,3.359540,3.389100,3.419520,3.452030,3.485750,3.518350,3.546600,3.566970,3.576460,3.573840,3.560640,3.541140,3.521050,3.505890,3.501110,3.508000,3.527230,3.558330,3.599510,3.647510,3.697650,3.744770,3.784660,3.815230,3.836900,3.851680,3.861660,3.868710,3.873820,3.877240,3.878930,3.878690,3.876410,3.872220,3.866300,3.858940,3.850440,3.840930,3.830570,3.819470,3.807790,3.795450,3.782480,3.768990,3.755500,3.742450,3.729890,3.717690,3.705470,3.692750,3.678950,3.663390,3.645730,3.626250,3.605850,3.585770,3.566900,3.549490,3.533160,3.517210,3.501090,3.484420,3.466960,3.448160,3.427620,3.405280,3.381480,42.1000,46.3000,11.5000,high
T001,2.833850,2.837060,2.840250,2.843530,2.847030,2.850840,2.855020,2.859600,2.864570,2.870010,2.875910,2.882280,2.889280,2.897030,2.905550,2.914880,2.925000,2.936110,2.948290,2.961460,2.975300,2.989290,3.002850,3.015660,3.027920,3.040090,3.052990,3.067740,3.085020,3.104890,3.126800,3.149640,3.172320,3.194340,3.216070,3.238470,3.262200,3.286460,3.309510,3.329160,3.343150,3.349670,3.348150,3.339730,3.327180,3.314300,3.304790,3.302340,3.308100,3.322570,3.345340,3.375100,3.409340,3.444700,3.477590,3.505070,3.525680,3.539650,3.548430,3.553490,3.556110,3.557240,3.557090,3.555680,3.552860,3.548520,3.542730,3.535700,3.527710,3.518960,3.509540,3.499620,3.489270,3.478590,3.467630,3.456330,3.444920,3.433700,3.422990,3.412840,3.403070,3.393310,3.383220,3.372460,3.360650,3.347580,3.333470,3.318920,3.304670,3.291260,3.278830,3.267110,3.255630,3.244070,3.232120,3.219550,3.206100,3.191530,3.175750,3.159050,40.7000,47.7000,11.8000,high
T002,2.780790,2.782730,2.784790,2.786990,2.789440,2.792240,2.795400,2.798910,2.802770,2.807000,2.811820,2.817170,2.823060,2.829590,2.836790,2.844680,2.853300,2.862620,2.872710,2.883200,2.893540,2.903440,2.912750,2.921640,2.930480,2.939700,2.949900,2.961680,2.975160,2.989920,3.005350,3.020910,3.036470,3.052470,3.069650,3.088510,3.109130,3.130840,3.152200,3.171900,3.188790,3.202470,3.213480,3.223330,3.234170,3.248290,3.267770,3.294270,3.329340,3.372790,3.423460,3.478740,3.534490,3.585950,3.629230,3.662460,3.686080,3.702150,3.713020,3.720470,3.725590,3.728630,3.729710,3.728660,3.725400,3.719930,3.712360,3.702940,3.691930,3.679510,3.665850,3.651040,3.635200,3.618430,3.600920,3.582830,3.564310,3.545640,3.526870,3.508020,3.488890,3.469390,3.449250,3.428250,3.406310,3.383580,3.360510,3.337640,3.315420,3.293950,3.273140,3.252780,3.232750,3.212970,3.193360,3.173880,3.154380,3.134760,3.115090,3.095650,58.3000,25.5000,15.5000,high
T003,2.573900,2.574760,2.575550,2.576440,2.577340,2.578390,2.579620,2.581030,2.582660,2.584430,2.586490,2.588830,2.591400,2.594210,2.597320,2.600780,2.604590,2.608760,2.613340,2.618220,2.623340,2.628440,2.633440,2.638240,2.642850,2.647420,2.652100,2.657040,2.662340,2.668060,2.674040,2.680170,2.686540,2.693450,2.701380,2.710770,2.721930,2.734910,2.749490,2.765300,2.781820,2.798680,2.815730,2.833390,2.852380,2.873730,2.898550,2.927920,2.962730,3.003540,3.050190,3.101300,3.154010,3.203790,3.246100,3.279120,3.303290,3.320440,3.332710,3.341700,3.348410,3.353250,3.356280,3.357380,3.356420,3.353370,3.348280,3.341290,3.332470,3.322040,3.310070,3.296710,3.282150,3.266350,3.249570,3.231950,3.213670,3.194860,3.175550,3.155780,3.135470,3.114600,3.093070,3.070830,3.047920,3.024440,3.000660,2.976950,2.953560,2.930550,2.907840,2.885450,2.863400,2.841800,2.820730,2.800250,2.780290,2.760850,2.741860,2.723380,69.3000,10.6000,19.3000,low
T004,2.192170,2.191940,2.191710,2.191450,2.191190,2.191030,2.191040,2.191200,2.191450,2.191890,2.192490,2.193210,2.194100,2.195190,2.196450,2.197830,2.199400,2.201290,2.203510,2.205990,2.208650,2.211410,2.214230,2.217120,2.220030,2.222880,2.225670,2.228310,2.230820,2.233250,2.235710,2.238260,2.241090,2.244510,2.248920,2.254780,2.262640,2.272590,2.284670,2.298840,2.315060,2.333210,2.353170,2.374870,2.398310,2.423680,2.451470,2.482710,2.518010,2.558120,2.603170,2.652400,2.703690,2.753710,2.798780,2.835980,2.864320,2.884720,2.899110,2.909350,2.916870,2.922570,2.926550,2.928710,2.928940,2.927160,2.923360,2.917660,2.910220,2.901140,2.890560,2.878590,2.865350,2.850980,2.835700,2.819510,2.802620,2.785180,2.767220,2.748850,2.730090,2.710890,2.691160,2.670940,2.650250,2.629190,2.607920,2.586600,2.565380,2.544380,2.523570,2.503040,2.482900,2.463190,2.444070,2.425600,2.407850,2.390880,2.374660,2.359120,75.6000,2.0000,21.4000,low
T005,2.588780,2.594570,2.600290,2.605910,2.611480,2.616970,2.622380,2.627850,2.633350,2.638820,2.644240,2.649620,2.655060,2.660560,2.666070,2.671600,2.677110,2.682720,2.688430,2.694270,2.700200,2.706140,2.712070,2.717950,2.723790,2.729610,2.735360,2.740990,2.746550,2.752090,2.757670,2.763300,2.769040,2.775040,2.781560,2.788870,2.797400,2.807250,2.818380,2.830720,2.844190,2.858690,2.874090,2.890350,2.907520,2.925740,2.945400,2.967390,2.992180,3.020320,3.052090,3.087180,3.124410,3.161670,3.196430,3.226420,3.250310,3.268180,3.280970,3.290080,3.296650,3.301410,3.304660,3.306360,3.306450,3.304880,3.301700,3.297010,3.290880,3.283420,3.274750,3.265000,3.254270,3.242760,3.230550,3.217650,3.204150,3.190250,3.176090,3.161650,3.146980,3.132050,3.116770,3.101100,3.085080,3.068820,3.052390,3.035880,3.019400,3.003070,2.986950,2.971000,2.955280,2.939820,2.924640,2.909800,2.895380,2.881340,2.867660,2.854270,70.7000,4.7000,20.5000,low
T006,2.553310,2.553640,2.553920,2.554250,2.554620,2.555060,2.555610,2.556310,2.557200,2.558300,2.559620,2.561170,2.562880,2.564750,2.566860,2.569230,2.571820,2.574680,2.577910,2.581400,2.585110,2.588960,2.592870,2.596780,2.600640,2.604390,2.608150,2.612000,2.615960,2.620070,2.624330,2.628700,2.633220,2.638070,2.643500,2.649960,2.657820,2.667600,2.679140,2.692380,2.707120,2.723060,2.740030,2.757970,2.776970,2.797380,2.819790,2.844920,2.874120,2.908120,2.947490,2.992060,3.040400,3.089530,3.135620,3.175160,3.206110,3.228410,3.243580,3.253700,3.260400,3.264730,3.267180,3.267830,3.266610,3.263400,3.258120,3.250850,3.241790,3.231130,3.218970,3.205450,3.190750,3.174920,3.158140,3.140500,3.122150,3.103240,3.083940,3.064340,3.044440,3.024210,3.003590,2.982510,2.961020,2.939110,2.916840,2.894420,2.872110,2.850130,2.828500,2.807230,2.786300,2.765750,2.745660,2.726170,2.707380,2.689260,2.671780,2.654840,72.6000,6.8000,19.6000,low
T007,2.842970,2.846770,2.850480,2.854140,2.857780,2.861480,2.865230,2.869050,2.872940,2.876910,2.880970,2.885100,2.889300,2.893600,2.898040,2.902620,2.907320,2.912150,2.917150,2.922330,2.927620,2.932900,2.938060,2.943040,2.947850,2.952450,2.956920,2.961320,2.965840,2.970540,2.975340,2.980070,2.984740,2.989630,2.995240,3.002010,3.010210,3.019910,3.031060,3.043380,3.056520,3.070030,3.083630,3.097370,3.111690,3.127380,3.145420,3.166780,3.192350,3.222920,3.258900,3.299470,3.342370,3.383940,3.420420,3.449550,3.471100,3.486570,3.497870,3.506520,3.513310,3.518660,3.522650,3.525160,3.526060,3.525210,3.522590,3.518280,3.512420,3.505090,3.496410,3.486400,3.475150,3.462770,3.449310,3.434890,3.419640,3.403750,3.387330,3.370380,3.352890,3.334830,3.316140,3.296730,3.276540,3.255590,3.234060,3.212290,3.190600,3.169100,3.147780,3.126550,3.105410,3.084460,3.063870,3.043720,3.023980,3.004540,2.985330,2.966380,71.5000,8.6000,19.4000,low
T008,2.486860,2.481800,2.476890,2.472130,2.467520,2.463080,2.458900,2.455080,2.451550,2.448360,2.445480,2.442930,2.440760,2.438990,2.437620,2.436550,2.435820,2.435530,2.435710,2.436270,2.437170,2.438310,2.439590,2.440960,2.442450,2.444070,2.445900,2.448110,2.450970,2.454490,2.458650,2.463350,2.468510,2.474310,2.481210,2.489790,2.500710,2.513780,2.528720,2.545100,2.562440,2.580250,2.598130,2.616040,2.634450,2.654290,2.676780,2.703650,2.735660,2.773510,2.817310,2.866200,2.917960,2.969170,3.015910,3.054970,3.084920,3.106510,3.121570,3.132060,3.139610,3.145010,3.148550,3.150140,3.149730,3.147270,3.142710,3.136120,3.127670,3.117550,3.105970,3.093050,3.078860,3.063550,3.047210,3.030000,3.012010,2.993570,2.974740,2.955530,2.935940,2.915910,2.895480,2.874610,2.853210,2.831330,2.809140,2.786910,2.764920,2.743360,2.722340,2.701860,2.681880,2.662340,2.643310,2.624920,2.607120,2.589870,2.573050,2.556660,72.9000,11.2000,13.7000,low
T009,2.418000,2.413260,2.408660,2.404150,2.399770,2.395600,2.391730,2.388170,2.384850,2.381890,2.379290,2.377030,2.375120,2.373570,2.372400,2.371610,2.371230,2.371290,2.371800,2.372650,2.373830,2.375270,2.376870,2.378560,2.380340,2.382170,2.384330,2.387010,2.390440,2.394720,2.399740,2.405300,2.411340,2.418020,2.425720,2.435060,2.446660,2.460330,2.475710,2.492260,2.509310,2.526220,2.542570,2.558410,2.574400,2.591620,2.611530,2.635920,2.665650,2.701380,2.743180,2.790080,2.839870,2.889180,2.934170,2.971770,3.000720,3.021650,3.036330,3.046580,3.053970,3.059340,3.062880,3.064640,3.064410,3.062100,3.057720,3.051480,3.043490,3.033850,3.022780,3.010400,2.996860,2.982210,2.966560,2.950070,2.932870,2.915220,2.897100,2.878730,2.859940,2.840800,2.821280,2.801310,2.780770,2.759690,2.738210,2.716680,2.695470,2.674740,2.654570,2.634930,2.615720,2.597020,2.578870,2.561250,2.544060,2.527220,2.510690,2.494600,71.3000,13.8000,12.6000,high
T010,2.236320,2.233280,2.230310,2.227440,2.224720,2.222210,2.220000,2.218090,2.216490,2.215210,2.214290,2.213740,2.213620,2.213970,2.214890,2.216350,2.218370,2.220950,2.224150,2.227910,2.231990,2.236030,2.239780,2.243190,2.246460,2.249840,2.253640,2.258230,2.263980,2.270890,2.278640,2.286630,2.294530,2.302600,2.311580,2.322200,2.334800,2.349260,2.365140,2.381600,2.397660,2.412410,2.425550,2.437480,2.449420,2.463030,2.479930,2.501520,2.528770,2.562480,2.603010,2.649470,2.699530,2.749410,2.794800,2.832640,2.861840,2.883330,2.898960,2.910410,2.918920,2.925240,2.929620,2.932000,2.932250,2.930270,2.926130,2.919990,2.911990,2.902350,2.891260,2.878840,2.865260,2.850610,2.834970,2.818470,2.801310,2.783780,2.766050,2.748170,2.730090,2.711740,2.693050,2.673830,2.653830,2.633040,2.611730,2.590430,2.569610,2.549490,2.530040,2.511090,2.492550,2.474440,2.456850,2.439780,2.423050,2.406490,2.390060,2.373890,59.7000,17.7000,15.8000,high
T011,2.935330,2.935650,2.935990,2.936490,2.937220,2.938210,2.939530,2.941320,2.943570,2.946350,2.949680,2.953520,2.957940,2.963010,2.968810,2.975370,2.982740,2.990980,3.000090,3.009970,3.020370,3.030850,3.041030,3.050700,3.059910,3.069030,3.078630,3.089400,3.101710,3.115740,3.131180,3.147470,3.164040,3.180720,3.198050,3.216970,3.238430,3.262180,3.287360,3.312660,3.336680,3.358190,3.376580,3.392220,3.406560,3.421990,3.441170,3.467320,3.501700,3.545300,3.598300,3.659640,3.726500,3.794150,3.856830,3.909470,3.949320,3.977010,3.995160,4.006830,4.014280,4.018750,4.020900,4.020720,4.017950,4.012550,4.004510,3.994000,3.981260,3.966590,3.950290,3.932460,3.913260,3.892860,3.871480,3.849280,3.826390,3.803050,3.779620,3.756280,3.732850,3.709120,3.684850,3.659890,3.634030,3.607230,3.579680,3.551810,3.524220,3.497430,3.471580,3.446490,3.421920,3.397760,3.374040,3.350680,3.327510,3.304480,3.281370,3.258450,59.8000,23.3000,16.4000,high
T012,3.101910,3.105880,3.109880,3.113950,3.118080,3.122380,3.126910,3.131730,3.136970,3.142540,3.148370,3.154570,3.161290,3.168590,3.176480,3.184900,3.193820,3.203470,3.213970,3.225240,3.237090,3.249320,3.261610,3.273610,3.285070,3.296070,3.307080,3.318930,3.332260,3.347330,3.363880,3.381280,3.398860,3.416330,3.434010,3.452620,3.473110,3.495980,3.520250,3.544340,3.566420,3.584830,3.598430,3.607150,3.612240,3.616090,3.621770,3.632340,3.650860,3.678050,3.714050,3.758100,3.808140,3.860490,3.910540,3.954000,3.988390,4.013610,4.031180,4.043320,4.051810,4.057750,4.061980,4.064300,4.064780,4.063080,4.059280,4.053430,4.045720,4.036450,4.025780,4.013840,4.000750,3.986580,3.971500,3.955420,3.938760,3.921670,3.904440,3.887210,3.869880,3.852480,3.834780,3.816360,3.796820,3.775950,3.753960,3.731340,3.708730,3.686660,3.665440,3.645010,3.625090,3.605380,3.585730,3.566190,3.546600,3.526580,3.505840,3.484510,55.5000,29.0000,16.6000,high
T013,4.215060,4.225270,4.235560,4.245880,4.256430,4.267270,4.278370,4.289780,4.301500,4.313790,4.326600,4.339780,4.353480,4.367890,4.383110,4.399110,4.415850,4.433470,4.451950,4.471570,4.491990,4.512700,4.533060,4.552640,4.571530,4.590080,4.608940,4.629430,4.652020,4.676840,4.703200,4.730330,4.757710,4.784920,4.811840,4.839440,4.868140,4.899010,4.930180,4.959340,4.984240,5.002960,5.014840,5.020540,5.021470,5.021690,5.025230,5.036570,5.056630,5.085970,5.125230,5.173320,5.227160,5.281890,5.332270,5.374380,5.406210,5.427980,5.442680,5.453580,5.461920,5.467030,5.470860,5.473390,5.473740,5.470940,5.465180,5.458330,5.450740,5.441020,5.429300,5.415870,5.402280,5.389220,5.373680,5.356600,5.339710,5.322780,5.304550,5.286700,5.270260,5.253090,5.234530,5.214480,5.194200,5.173130,5.149890,5.125290,5.100370,5.076250,5.053860,5.032400,5.011490,4.989810,4.967710,4.945350,4.922760,4.899650,4.875670,4.851020,50.3000,34.8000,14.6000,high
T014,2.890640,2.892440,2.894380,2.896590,2.899130,2.902110,2.905660,2.909820,2.914680,2.920310,2.926720,2.933930,2.942150,2.951620,2.962460,2.974680,2.988370,3.003510,3.020170,3.037990,3.056370,3.074420,3.091260,3.106490,3.120490,3.134260,3.149380,3.167400,3.189310,3.215340,3.244640,3.275590,3.306440,3.336140,3.365090,3.394830,3.426580,3.459480,3.491270,3.518760,3.538350,3.547000,3.543500,3.529410,3.508830,3.487510,3.471020,3.464520,3.469570,3.486710,3.515520,3.554170,3.599440,3.646830,3.691450,3.729320,3.758470,3.779230,3.793430,3.803070,3.809850,3.814870,3.818160,3.819920,3.819810,3.817790,3.813950,3.808470,3.801620,3.793640,3.784740,3.775090,3.764700,3.753700,3.742010,3.729720,3.717020,3.704370,3.692110,3.680380,3.668990,3.657550,3.645660,3.632740,3.618100,3.601310,3.582580,3.562870,3.543500,3.525410,3.508780,3.493140,3.477830,3.462340,3.446320,3.429490,3.411360,3.391460,3.369590,3.346220,41.0000,47.8000,11.6000,high
T015,3.637190,3.648460,3.659570,3.670570,3.681460,3.692290,3.703070,3.713790,3.724570,3.735420,3.746230,3.757130,3.768050,3.779020,3.790080,3.801240,3.812620,3.824120,3.835800,3.847720,3.859740,3.871840,3.883940,3.895960,3.907810,3.919420,3.930980,3.942570,3.954370,3.966370,3.978500,3.990670,4.002860,4.015130,4.027870,4.041370,4.056120,4.072190,4.089470,4.107810,4.126760,4.145940,4.165160,4.184430,4.204050,4.224620,4.246960,4.272250,4.301280,4.334670,4.372720,4.415160,4.460560,4.506550,4.550160,4.588510,4.619780,4.643890,4.662200,4.675800,4.685740,4.693280,4.698880,4.702730,4.704570,4.704440,4.702410,4.698320,4.692160,4.684310,4.675110,4.664790,4.653230,4.640450,4.626610,4.611930,4.596710,4.581190,4.565500,4.549250,4.532680,4.515760,4.498620,4.481070,4.463080,4.444660,4.425870,4.406900,4.388060,4.369660,4.351760,4.334130,4.316660,4.299590,4.282970,4.266680,4.250650,4.234910,4.219590,4.204520,65.2000,11.1000,19.2000,low
T016,2.888410,2.896120,2.903650,2.911120,2.918490,2.925800,2.933050,2.940260,2.947580,2.954790,2.961990,2.969150,2.976290,2.983450,2.990660,2.997860,3.005090,3.012390,3.019790,3.027260,3.034780,3.042280,3.049750,3.057170,3.064500,3.071740,3.078890,3.085850,3.092610,3.099250,3.105820,3.112300,3.118790,3.125480,3.132530,3.140180,3.148850,3.158510,3.169290,3.181160,3.194050,3.207910,3.222660,3.238270,3.254780,3.272320,3.291210,3.312090,3.335520,3.361910,3.391530,3.424030,3.458260,3.492260,3.523670,3.550440,3.571620,3.587460,3.598990,3.607450,3.613720,3.618440,3.621810,3.623830,3.624420,3.623550,3.621200,3.617400,3.612310,3.606040,3.598630,3.590210,3.580880,3.570730,3.559850,3.548330,3.536350,3.523940,3.511210,3.498220,3.484950,3.471350,3.457450,3.443250,3.428740,3.413970,3.399020,3.384020,3.369080,3.354260,3.339600,3.325100,3.310750,3.296660,3.282880,3.269470,3.256390,3.243680,3.231380,3.219320,72.7000,2.9000,21.7000,low
T017,2.286500,2.286990,2.287490,2.287990,2.288510,2.289080,2.289770,2.290660,2.291650,2.292790,2.294100,2.295560,2.297170,2.298930,2.300870,2.303010,2.305400,2.308010,2.310980,2.314200,2.317590,2.321070,2.324620,2.328210,2.331840,2.335490,2.339140,2.342750,2.346430,2.350160,2.353990,2.357960,2.362150,2.366780,2.372280,2.379030,2.387590,2.397950,2.410140,2.424130,2.439750,2.456820,2.475200,2.494810,2.515780,2.538370,2.563220,2.591340,2.623340,2.659900,2.701260,2.746830,2.794830,2.842280,2.885630,2.921940,2.949920,2.970090,2.984270,2.994200,3.001280,3.006490,3.009950,3.011710,3.011650,3.009670,3.005810,3.000160,2.992810,2.983900,2.973680,2.962250,2.949690,2.936130,2.921700,2.906550,2.890770,2.874530,2.858010,2.841160,2.824030,2.806530,2.788680,2.770490,2.751870,2.732910,2.713700,2.694450,2.675420,2.656670,2.638220,2.620090,2.602290,2.584900,2.567980,2.551650,2.535970,2.521020,2.506620,2.492810,72.1000,4.8000,21.6000,low
T018,2.629790,2.632000,2.634130,2.636260,2.638460,2.640720,2.643030,2.645480,2.648000,2.650650,2.653460,2.656400,2.659470,2.662640,2.665920,2.669400,2.673020,2.676890,2.680950,2.685140,2.689460,2.693870,2.698280,2.702670,2.706970,2.711140,2.715220,2.719230,2.723230,2.727250,2.731280,2.735330,2.739480,2.743930,2.748980,2.755000,2.762460,2.771380,2.781710,2.793310,2.806000,2.819590,2.833910,2.848950,2.864860,2.882090,2.901180,2.923360,2.949130,2.979170,3.013630,3.051900,3.092220,3.131790,3.167460,3.196750,3.218710,3.234050,3.244410,3.251330,3.255980,3.259030,3.260620,3.260660,3.259090,3.255860,3.250950,3.244350,3.236160,3.226540,3.215600,3.203470,3.190220,3.175850,3.160560,3.144360,3.127480,3.110040,3.092140,3.073810,3.055040,3.035780,3.016010,2.995720,2.974930,2.953640,2.932020,2.910240,2.888500,2.866960,2.845660,2.824590,2.803750,2.783260,2.763200,2.743610,2.724610,2.706110,2.688100,2.670510,73.5000,5.6000,20.0000,low
T019,2.610330,2.612470,2.614690,2.616960,2.619260,2.621650,2.624170,2.626840,2.629770,2.632900,2.636160,2.639600,2.643230,2.647090,2.651150,2.655410,2.659860,2.664580,2.669620,2.674910,2.680410,2.686050,2.691750,2.697400,2.703020,2.708610,2.714150,2.719690,2.725230,2.730820,2.736480,2.742240,2.748130,2.754340,2.761150,2.768930,2.778300,2.789260,2.801790,2.815730,2.830790,2.846750,2.863470,2.880890,2.899140,2.918630,2.940040,2.964540,2.992850,3.025790,3.063700,3.106120,3.151310,3.196230,3.237170,3.270930,3.295920,3.312650,3.322920,3.328650,3.331370,3.332120,3.331130,3.328410,3.323760,3.317130,3.308570,3.298140,3.285940,3.272170,3.257000,3.240550,3.222890,3.204200,3.184590,3.164270,3.143260,3.121800,3.100030,3.077880,3.055450,3.032690,3.009520,2.985970,2.962000,2.937640,2.913040,2.888400,2.863960,2.839880,2.816200,2.792910,2.770010,2.747570,2.725740,2.704550,2.684050,2.664200,2.645000,2.626420,73.6000,6.2000,19.3000,low
T020,2.286300,2.286890,2.287450,2.288000,2.288640,2.289400,2.290220,2.291140,2.292270,2.293580,2.295040,2.296690,2.298490,2.300440,2.302590,2.304980,2.307610,2.310470,2.313650,2.317090,2.320700,2.324420,2.328170,2.331850,2.335470,2.339040,2.342650,2.346300,2.350090,2.353950,2.357910,2.362020,2.366360,2.371160,2.376770,2.383590,2.392090,2.402350,2.414300,2.427790,2.442600,2.458490,2.475290,2.493010,2.511860,2.532320,2.555030,2.581170,2.611340,2.646150,2.685800,2.729620,2.775640,2.820770,2.861510,2.895070,2.920380,2.938190,2.950210,2.958370,2.963870,2.967540,2.969640,2.970120,2.968920,2.965900,2.961000,2.954390,2.946210,2.936560,2.925680,2.913650,2.900540,2.886490,2.871570,2.855990,2.839800,2.823250,2.806370,2.789220,2.771760,2.753960,2.735820,2.717300,2.698380,2.679070,2.659530,2.639970,2.620560,2.601420,2.582610,2.564140,2.546020,2.528280,2.511000,2.494290,2.478220,2.462710,2.447690,2.433200,72.5000,6.4000,20.9000,low
T021,2.516820,2.518160,2.519460,2.520810,2.522290,2.523860,2.525550,2.527420,2.529480,2.531740,2.534200,2.536840,2.539650,2.542640,2.545810,2.549170,2.552770,2.556670,2.560810,2.565170,2.569720,2.574440,2.579230,2.584010,2.588750,2.593450,2.598060,2.602780,2.607490,2.612280,2.617130,2.622040,2.627040,2.632300,2.638060,2.644740,2.652740,2.662030,2.672610,2.684280,2.696880,2.710170,2.723940,2.738190,2.753040,2.768910,2.786360,2.806600,2.830180,2.857810,2.889730,2.925440,2.963380,3.000880,3.034750,3.062250,3.082180,3.094980,3.102220,3.105500,3.106230,3.105130,3.102600,3.098490,3.092690,3.085130,3.075830,3.064920,3.052540,3.038770,3.023770,3.007620,2.990430,2.972380,2.953570,2.934080,2.913990,2.893550,2.872790,2.851790,2.830560,2.809040,2.787140,2.764900,2.742300,2.719380,2.696280,2.673180,2.650260,2.627660,2.605410,2.583530,2.562080,2.541050,2.520510,2.500570,2.481250,2.462520,2.444390,2.426770,73.4000,6.8000,18.7000,low
T022,2.184390,2.183630,2.182810,2.182020,2.181300,2.180700,2.180270,2.179980,2.179830,2.179970,2.180330,2.180910,2.181700,2.182730,2.184000,2.185510,2.187340,2.189550,2.192100,2.194910,2.197960,2.201180,2.204450,2.207660,2.210810,2.213990,2.217240,2.220620,2.224230,2.228070,2.232140,2.236440,2.241030,2.246170,2.252180,2.259530,2.268850,2.280140,2.293410,2.308510,2.325250,2.343380,2.362690,2.383120,2.404880,2.428300,2.454020,2.483340,2.516930,2.555540,2.599550,2.648530,2.700880,2.753530,2.802480,2.844170,2.876670,2.900230,2.916670,2.927970,2.935950,2.941610,2.945390,2.947190,2.946960,2.944690,2.940330,2.933860,2.925470,2.915370,2.903730,2.890710,2.876370,2.860970,2.844550,2.827250,2.809250,2.790730,2.771790,2.752490,2.732880,2.712900,2.692500,2.671640,2.650360,2.628680,2.606700,2.584630,2.562720,2.541140,2.520000,2.499250,2.478900,2.458950,2.439590,2.420910,2.402970,2.385740,2.369150,2.353200,72.0000,7.1000,19.0000,low
T023,2.502030,2.504320,2.506680,2.508980,2.511260,2.513570,2.515990,2.518530,2.521270,2.524080,2.527020,2.530040,2.533210,2.536540,2.539990,2.543620,2.547370,2.551370,2.555550,2.559970,2.564570,2.569250,2.573890,2.578420,2.582890,2.587340,2.591720,2.596070,2.600410,2.604800,2.609250,2.613820,2.618530,2.623510,2.629030,2.635490,2.643410,2.652800,2.663630,2.675750,2.688930,2.702910,2.717540,2.732820,2.748960,2.766440,2.785890,2.808400,2.834570,2.865140,2.900350,2.939590,2.981240,3.022530,3.060200,3.091510,3.115190,3.131830,3.142990,3.150400,3.155220,3.158320,3.159920,3.160000,3.158440,3.155130,3.150040,3.143230,3.134870,3.125080,3.113990,3.101680,3.088200,3.073710,3.058280,3.042080,3.025250,3.007880,2.990040,2.971820,2.953260,2.934310,2.914890,2.894980,2.874560,2.853660,2.832420,2.811090,2.789880,2.768880,2.748150,2.727670,2.707450,2.687610,2.668170,2.649240,2.630830,2.612960,2.595600,2.578640,73.2000,7.3000,19.9000,low
T024,2.429100,2.429400,2.429760,2.430040,2.430360,2.430770,2.431330,2.432080,2.433030,2.434170,2.435420,2.436890,2.438550,2.440420,2.442510,2.444830,2.447390,2.450260,2.453540,2.457070,2.460770,2.464560,2.468340,2.472050,2.475720,2.479260,2.482860,2.486520,2.490400,2.494490,2.498730,2.503120,2.507730,2.512790,2.518660,2.525780,2.534720,2.545470,2.557950,2.571890,2.587040,2.603130,2.619980,2.637640,2.656410,2.676800,2.699630,2.726200,2.757170,2.793200,2.834540,2.880400,2.928630,2.975960,3.018740,3.054070,3.080840,3.099870,3.113000,3.122000,3.128360,3.132890,3.135810,3.137090,3.136450,3.133860,3.129360,3.123020,3.115000,3.105440,3.094480,3.082290,3.068870,3.054280,3.038780,3.022520,3.005540,2.988070,2.970190,2.951930,2.933300,2.914240,2.894760,2.874790,2.854280,2.833310,2.812030,2.790680,2.769450,2.748490,2.727890,2.707640,2.687730,2.668170,2.649060,2.630580,2.612730,2.595480,2.578710,2.562490,71.9000,7.9000,19.1000,low
T025,3.090000,3.092250,3.094530,3.096880,3.099370,3.102000,3.104730,3.107610,3.110740,3.114200,3.117840,3.121680,3.125700,3.129960,3.134520,3.139370,3.144500,3.150020,3.155950,3.162180,3.168680,3.175300,3.181910,3.188430,3.194810,3.201100,3.207380,3.213750,3.220310,3.227050,3.233920,3.240880,3.247940,3.255280,3.263380,3.272650,3.283670,3.296350,3.310650,3.326250,3.342840,3.360070,3.377730,3.395850,3.414800,3.435190,3.457860,3.484430,3.515450,3.551940,3.594240,3.641670,3.692070,3.741840,3.786730,3.823180,3.849480,3.866400,3.876240,3.881100,3.882590,3.881680,3.878820,3.874010,3.867080,3.857880,3.846430,3.832870,3.817470,3.800430,3.781880,3.762030,3.740930,3.718800,3.695770,3.671990,3.647650,3.622890,3.597930,3.572750,3.547390,3.521680,3.495600,3.469070,3.442100,3.414760,3.387170,3.359590,3.332270,3.305340,3.278870,3.252870,3.227350,3.202330,3.177890,3.154130,3.131050,3.108590,3.086740,3.065460,69.5000,9.2000,21.5000,low
T026,3.389220,3.396640,3.403990,3.411300,3.418580,3.425880,3.433250,3.440670,3.448160,3.455860,3.463700,3.471560,3.479520,3.487630,3.495920,3.504430,3.513210,3.522170,3.531440,3.540990,3.550750,3.560600,3.570430,3.580160,3.589720,3.599190,3.608590,3.617960,3.627430,3.637090,3.646900,3.656740,3.666610,3.676690,3.687280,3.698970,3.712190,3.726970,3.743270,3.760680,3.778850,3.797430,3.816160,3.835080,3.854580,3.875270,3.898080,3.924500,3.955240,3.991150,4.032480,4.078530,4.127560,4.176560,4.221810,4.260140,4.289940,4.311720,4.327100,4.337930,4.345720,4.351410,4.355240,4.357070,4.356880,4.354570,4.350270,4.344100,4.336050,4.326240,4.314900,4.302180,4.288250,4.273210,4.257090,4.240120,4.222380,4.204340,4.185800,4.166960,4.147700,4.128070,4.108040,4.087550,4.066490,4.044820,4.022740,4.000520,3.978400,3.956600,3.935210,3.914140,3.893370,3.872910,3.852880,3.833390,3.814320,3.795720,3.777510,3.759610,67.9000,10.1000,19.5000,low
T027,2.446740,2.446830,2.446940,2.447090,2.447320,2.447660,2.448180,2.448870,2.449690,2.450810,2.452090,2.453610,2.455370,2.457370,2.459630,2.462210,2.465090,2.468360,2.471900,2.475690,2.479700,2.483760,2.487750,2.491620,2.495320,2.498940,2.502730,2.506770,2.511160,2.515950,2.521100,2.526500,2.532110,2.538130,2.544960,2.553010,2.562870,2.574450,2.587600,2.602040,2.617320,2.633040,2.648990,2.665260,2.682270,2.700810,2.721840,2.746890,2.776610,2.811680,2.852280,2.897640,2.945630,2.992950,3.035830,3.071230,3.097900,3.116530,3.129140,3.137590,3.143270,3.147090,3.149260,3.149760,3.148430,3.145140,3.139930,3.132870,3.124120,3.113840,3.102150,3.089200,3.075110,3.059930,3.043790,3.026810,3.009100,2.990870,2.972260,2.953280,2.933950,2.914190,2.893950,2.873200,2.851890,2.830080,2.807890,2.785540,2.763340,2.741480,2.720020,2.698960,2.678230,2.657890,2.637990,2.618610,2.599800,2.581570,2.563760,2.546400,71.1000,10.7000,17.7000,low
T028,3.452780,3.462850,3.472720,3.482440,3.492090,3.501700,3.511280,3.520890,3.530490,3.540130,3.549810,3.559540,3.569300,3.579150,3.589150,3.599270,3.609520,3.619880,3.630450,3.641240,3.652200,3.663230,3.674190,3.684960,3.695560,3.706080,3.716580,3.727110,3.737750,3.748530,3.759460,3.770490,3.781540,3.792660,3.804180,3.816490,3.830080,3.844950,3.861010,3.877940,3.895310,3.912840,3.930430,3.948090,3.966090,3.985010,4.005690,4.029360,4.056670,4.088290,4.124540,4.164890,4.207840,4.251020,4.291460,4.326480,4.354560,4.375800,4.391560,4.403300,4.412060,4.418710,4.423600,4.426800,4.428320,4.427940,4.425580,4.421430,4.415690,4.408470,4.399740,4.389710,4.378630,4.366780,4.353970,4.340350,4.326140,4.311310,4.296240,4.280920,4.265310,4.249380,4.233160,4.216530,4.199340,4.181640,4.163620,4.145490,4.127460,4.109720,4.092320,4.075190,4.058340,4.041740,4.025460,4.009520,3.993950,3.978750,3.963790,3.948960,65.7000,11.2000,19.4000,low
T029,2.618090,2.619820,2.621470,2.623130,2.624800,2.626540,2.628430,2.630460,2.632710,2.635150,2.637740,2.640520,2.643520,2.646760,2.650250,2.654030,2.658150,2.662590,2.667380,2.672520,2.677840,2.683160,2.688320,2.693270,2.698080,2.702800,2.707660,2.712790,2.718370,2.724330,2.730630,2.737190,2.743940,2.750940,2.758600,2.767340,2.777770,2.789800,2.803220,2.817690,2.832730,2.847960,2.863150,2.878440,2.894270,2.911520,2.931140,2.954740,2.982970,3.016490,3.055450,3.099150,3.145650,3.191800,3.233960,3.269170,3.296120,3.315420,3.328790,3.338120,3.344770,3.349560,3.352750,3.354260,3.354030,3.351910,3.347910,3.342110,3.334650,3.325730,3.315540,3.304130,3.291560,3.277970,3.263430,3.248150,3.232200,3.215840,3.199110,3.182100,3.164770,3.147080,3.128940,3.110300,3.091110,3.071400,3.051290,3.031000,3.010830,2.991020,2.971640,2.952590,2.933840,2.915400,2.897340,2.879680,2.862500,2.845780,2.829410,2.813380,68.1000,12.5000,18.6000,low
T030,2.761530,2.762130,2.762800,2.763460,2.764220,2.765120,2.766170,2.767400,2.768820,2.770560,2.772520,2.774780,2.777320,2.780150,2.783330,2.786880,2.790820,2.795200,2.800070,2.805280,2.810740,2.816280,2.821710,2.826950,2.832030,2.837020,2.842240,2.847870,2.854030,2.860830,2.868170,2.875870,2.883840,2.892140,2.901180,2.911520,2.923830,2.937980,2.953680,2.970420,2.987620,3.004750,3.021520,3.038050,3.054960,3.073280,3.094240,3.119720,3.150510,3.187360,3.230470,3.279160,3.331310,3.383440,3.431460,3.471840,3.502850,3.525000,3.540180,3.550370,3.557270,3.561960,3.564670,3.565360,3.563990,3.560460,3.554740,3.546930,3.537190,3.525730,3.512740,3.498400,3.482840,3.466190,3.448460,3.429860,3.410530,3.390730,3.370650,3.350270,3.329630,3.308590,3.287070,3.264990,3.242320,3.219070,3.195410,3.171600,3.147980,3.124780,3.102100,3.079930,3.058200,3.036890,3.015990,2.995520,2.975580,2.956120,2.937040,2.918370,66.8000,14.3000,17.4000,high
T031,3.347490,3.355030,3.362460,3.369920,3.377330,3.384730,3.392230,3.399810,3.407470,3.415300,3.423230,3.431310,3.439540,3.447980,3.456620,3.465420,3.474400,3.483710,3.493280,3.503160,3.513250,3.523410,3.533490,3.543420,3.553180,3.562830,3.572480,3.582350,3.592590,3.603270,3.614250,3.625350,3.636470,3.647720,3.659450,3.672070,3.686260,3.701880,3.718540,3.735800,3.753040,3.769790,3.785740,3.800910,3.815930,3.831760,3.849790,3.871740,3.898380,3.930430,3.967970,4.010260,4.055380,4.100310,4.141540,4.176090,4.202530,4.221250,4.233920,4.242450,4.248330,4.252350,4.254650,4.255260,4.254040,4.250890,4.245880,4.239130,4.230780,4.220980,4.209890,4.197610,4.184390,4.170200,4.155170,4.139370,4.123040,4.106400,4.089560,4.072490,4.055230,4.037690,4.019770,4.001310,3.982190,3.962590,3.942620,3.922450,3.902390,3.882640,3.863360,3.844470,3.825810,3.807410,3.789260,3.771430,3.753820,3.736400,3.719130,3.702070,64.7000,16.0000,19.0000,high
T032,3.865430,3.872170,3.878990,3.885950,3.893090,3.900470,3.908050,3.915750,3.923660,3.931950,3.940640,3.949570,3.958700,3.968050,3.977730,3.987860,3.998440,4.009360,4.020650,4.032380,4.044410,4.056610,4.068860,4.081000,4.092960,4.104880,4.116800,4.129040,4.141700,4.154760,4.168110,4.181590,4.195000,4.208270,4.221830,4.236070,4.251720,4.268500,4.286330,4.304510,4.322250,4.339050,4.354640,4.369090,4.383060,4.397550,4.414260,4.434850,4.460150,4.491060,4.528070,4.570260,4.615380,4.660030,4.700250,4.732790,4.756130,4.770700,4.778130,4.780810,4.780580,4.777900,4.773330,4.766690,4.757980,4.747200,4.734170,4.719060,4.702190,4.683670,4.663660,4.642410,4.619880,4.596100,4.571320,4.545990,4.520210,4.493760,4.467220,4.440440,4.413470,4.386210,4.358520,4.330360,4.301580,4.272170,4.242260,4.212190,4.182400,4.153170,4.124480,4.096230,4.068370,4.040960,4.013990,3.987550,3.961630,3.936140,3.911030,3.886120,63.6000,17.0000,19.7000,high
T033,2.457100,2.457530,2.458000,2.458510,2.459140,2.459930,2.460920,2.462180,2.463700,2.465560,2.467730,2.470150,2.472920,2.476090,2.479690,2.483810,2.488340,2.493490,2.499130,2.505290,2.511770,2.518310,2.524620,2.530540,2.536140,2.541740,2.547660,2.554190,2.561570,2.569790,2.578670,2.587970,2.597430,2.607060,2.617320,2.628760,2.642140,2.657400,2.673990,2.691200,2.708200,2.724220,2.738870,2.752420,2.765770,2.780410,2.798030,2.820750,2.849400,2.884640,2.926680,2.974570,3.026040,3.077500,3.124740,3.164340,3.194730,3.216550,3.231810,3.242570,3.250320,3.256120,3.260170,3.262430,3.262760,3.261050,3.257300,3.251630,3.244170,3.235160,3.224760,3.213100,3.200200,3.186220,3.171280,3.155480,3.138960,3.122010,3.104790,3.087310,3.069560,3.051410,3.032780,3.013520,2.993480,2.972640,2.951130,2.929310,2.907640,2.886430,2.865750,2.845490,2.825570,2.805930,2.786550,2.767540,2.748930,2.730540,2.712340,2.694300,63.0000,18.1000,18.6000,high
T034,2.883060,2.886770,2.890440,2.894140,2.897910,2.901760,2.905730,2.909890,2.914300,2.919030,2.923940,2.929040,2.934370,2.940030,2.946090,2.952570,2.959380,2.966650,2.974430,2.982650,2.991160,2.999720,3.008090,3.016130,3.023890,3.031470,3.039310,3.047700,3.056820,3.066780,3.077390,3.088340,3.099390,3.110560,3.122230,3.134960,3.149370,3.165350,3.182430,3.199900,3.216970,3.232950,3.247540,3.261040,3.274280,3.288620,3.305580,3.327340,3.354730,3.388520,3.428890,3.475120,3.525020,3.575050,3.621080,3.659580,3.688760,3.709250,3.722930,3.731920,3.737790,3.741560,3.743560,3.743680,3.741890,3.738090,3.732230,3.724410,3.714820,3.703720,3.691250,3.677590,3.662900,3.647180,3.630510,3.613140,3.595140,3.576850,3.558380,3.539860,3.521090,3.501950,3.482340,3.462230,3.441510,3.420110,3.398130,3.375900,3.353830,3.332140,3.311000,3.290390,3.270100,3.250020,3.230180,3.210650,3.191420,3.172420,3.153490,3.134700,62.5000,19.4000,17.9000,high
T035,3.298810,3.307380,3.315860,3.324230,3.332570,3.340940,3.349390,3.357960,3.366660,3.375460,3.384410,3.393410,3.402550,3.411910,3.421500,3.431380,3.441560,3.452030,3.462930,3.474180,3.485690,3.497290,3.508760,3.519930,3.530830,3.541550,3.552320,3.563490,3.575310,3.587820,3.600840,3.614040,3.627100,3.639980,3.653040,3.666850,3.681950,3.698090,3.714730,3.731110,3.746360,3.759710,3.770750,3.779710,3.787600,3.795790,3.806050,3.820380,3.839560,3.864160,3.894100,3.928650,3.966140,4.003870,4.038780,4.068340,4.091300,4.108000,4.119740,4.128250,4.134420,4.138900,4.141900,4.143470,4.143540,4.141960,4.138840,4.134270,4.128340,4.121200,4.112950,4.103760,4.093680,4.082810,4.071220,4.058970,4.046300,4.033310,4.020360,4.007250,3.994010,3.980420,3.966490,3.952040,3.936910,3.921000,3.904410,3.887540,3.870760,3.854270,3.838200,3.822410,3.806820,3.791240,3.775670,3.760100,3.744530,3.728840,3.712880,3.696710,55.3000,24.8000,19.3000,high
T036,2.706280,2.708260,2.710290,2.712400,2.714650,2.717060,2.719680,2.722600,2.725760,2.729310,2.733110,2.737250,2.741770,2.746720,2.752110,2.757970,2.764310,2.771210,2.778690,2.786750,2.795280,2.803990,2.812610,2.820960,2.829070,2.837110,2.845370,2.854430,2.864510,2.875810,2.888130,2.900970,2.913830,2.926600,2.939650,2.953750,2.969520,2.986650,3.004400,3.021720,3.037380,3.050370,3.060170,3.067050,3.072180,3.077480,3.085160,3.097840,3.116550,3.141980,3.174150,3.212180,3.253940,3.296170,3.335080,3.367400,3.391580,3.407910,3.418120,3.424080,3.427250,3.428590,3.428330,3.426400,3.422780,3.417370,3.410160,3.401270,3.390900,3.379230,3.366420,3.352620,3.337940,3.322510,3.306360,3.289610,3.272420,3.254990,3.237590,3.220270,3.202900,3.185370,3.167500,3.149110,3.130010,3.110080,3.089470,3.068590,3.047950,3.027910,3.008540,2.989730,2.971280,2.953070,2.935050,2.917170,2.899270,2.881240,2.862920,2.844460,56.6000,27.2000,15.7000,high
T037,2.661180,2.661720,2.662320,2.662970,2.663790,2.664820,2.666120,2.667830,2.669920,2.672450,2.675400,2.678870,2.682870,2.687480,2.692850,2.699000,2.705960,2.713770,2.722400,2.731720,2.741330,2.750800,2.759740,2.767980,2.775690,2.783350,2.791680,2.801500,2.813120,2.826660,2.841700,2.857570,2.873610,2.889550,2.905810,2.923220,2.942660,2.963680,2.985340,3.006280,3.025010,3.040330,3.051690,3.059630,3.065870,3.072900,3.083440,3.100450,3.125060,3.157950,3.199150,3.247630,3.300940,3.355290,3.406210,3.449790,3.483930,3.508770,3.526040,3.537870,3.546120,3.552000,3.555750,3.557410,3.556840,3.554020,3.548970,3.541790,3.532760,3.522110,3.510030,3.496650,3.482130,3.466610,3.450170,3.432910,3.415010,3.396750,3.378460,3.360140,3.341790,3.323200,3.304170,3.284500,3.263910,3.242300,3.219850,3.197060,3.174550,3.152800,3.131890,3.111670,3.091950,3.072530,3.053250,3.034110,3.014960,2.995680,2.976060,2.956270,54.4000,28.4000,14.4000,high
T038,2.491600,2.491830,2.492090,2.492430,2.492960,2.493730,2.494800,2.496210,2.498000,2.500190,2.502810,2.505850,2.509370,2.513430,2.518110,2.523470,2.529520,2.536240,2.543760,2.552040,2.560900,2.569850,2.578450,2.586510,2.594040,2.601200,2.608560,2.616840,2.626630,2.638160,2.651260,2.665260,2.679470,2.693530,2.707630,2.722470,2.738730,2.756840,2.775910,2.794840,2.812170,2.826510,2.837010,2.843690,2.847770,2.851430,2.857210,2.867400,2.884530,2.909220,2.941760,2.981590,3.026780,3.073930,3.118820,3.157610,3.188030,3.209950,3.224810,3.234560,3.241010,3.245110,3.247480,3.248200,3.247120,3.244080,3.239100,3.232310,3.223880,3.213980,3.202790,3.190480,3.177210,3.163040,3.148060,3.132270,3.115870,3.099050,3.082100,3.065180,3.048250,3.031180,3.013800,2.995890,2.977140,2.957310,2.936450,2.915000,2.893620,2.872830,2.852830,2.833500,2.814590,2.795910,2.777430,2.759120,2.740810,2.722250,2.703320,2.684100,55.4000,29.2000,15.0000,high
T039,3.146260,3.151660,3.157030,3.162440,3.167910,3.173480,3.179230,3.185210,3.191400,3.197920,3.204660,3.211670,3.218960,3.226650,3.234810,3.243450,3.252550,3.261990,3.272050,3.282630,3.293780,3.305250,3.316730,3.328010,3.338960,3.349760,3.360680,3.372380,3.385270,3.399630,3.415200,3.431290,3.447270,3.462980,3.478990,3.496320,3.515850,3.537200,3.559320,3.580790,3.599850,3.614810,3.624610,3.629330,3.630540,3.631010,3.633980,3.642810,3.658590,3.682070,3.713070,3.750490,3.792000,3.834230,3.873420,3.906430,3.931810,3.950010,3.962650,3.971460,3.977700,3.982240,3.985290,3.986740,3.986500,3.984490,3.980770,3.975410,3.968530,3.960310,3.950920,3.940470,3.929040,3.916690,3.903500,3.889540,3.874950,3.860150,3.845240,3.830360,3.815330,3.800080,3.784400,3.767970,3.750450,3.731650,3.711750,3.691360,3.671170,3.651680,3.632980,3.614830,3.596950,3.579150,3.561420,3.543650,3.525630,3.507050,3.487650,3.467690,53.4000,31.3000,15.3000,high
T040,2.579920,2.580400,2.580990,2.581750,2.582660,2.583810,2.585300,2.587190,2.589490,2.592250,2.595460,2.599160,2.603440,2.608440,2.614260,2.620900,2.628300,2.636600,2.645790,2.655710,2.665930,2.675960,2.685320,2.693840,2.701780,2.709630,2.718210,2.728280,2.740350,2.754490,2.770310,2.787030,2.803800,2.820230,2.836760,2.854170,2.873460,2.894100,2.914940,2.934420,2.950820,2.962730,2.969530,2.971850,2.971620,2.971620,2.974920,2.984720,3.002090,3.027790,3.061680,3.102630,3.148210,3.194670,3.237720,3.273770,3.301030,3.319990,3.332470,3.340440,3.345540,3.348790,3.350340,3.350240,3.348280,3.344430,3.338760,3.331400,3.322510,3.312280,3.300930,3.288630,3.275540,3.261700,3.247150,3.231940,3.216270,3.200370,3.184620,3.169100,3.153640,3.138020,3.122000,3.105340,3.087770,3.069080,3.049420,3.029330,3.009470,2.990330,2.972110,2.954640,2.937560,2.920620,2.903670,2.886680,2.869510,2.851800,2.833470,2.814730,51.6000,33.8000,13.8000,high
T041,2.568750,2.569230,2.569850,2.570600,2.571500,2.572680,2.574200,2.576100,2.578410,2.581290,2.584590,2.588410,2.592830,2.597930,2.603810,2.610490,2.618030,2.626460,2.635800,2.645940,2.656560,2.667120,2.677130,2.686340,2.694860,2.703250,2.712400,2.723260,2.736240,2.751530,2.768610,2.786610,2.804690,2.822420,2.840160,2.858800,2.879250,2.901000,2.922680,2.942620,2.958900,2.969950,2.975130,2.975190,2.972280,2.969490,2.970170,2.977670,2.993170,3.017320,3.049970,3.089880,3.134490,3.180060,3.222270,3.257530,3.284140,3.302590,3.314660,3.322230,3.327010,3.329950,3.331290,3.331000,3.328990,3.325090,3.319350,3.311950,3.303090,3.293040,3.281960,3.269990,3.257200,3.243730,3.229630,3.214940,3.199860,3.184640,3.169590,3.154740,3.140040,3.125250,3.110070,3.094200,3.077330,3.059280,3.040200,3.020690,3.001450,2.983010,2.965510,2.948700,2.932260,2.915920,2.899520,2.882910,2.865950,2.848360,2.829980,2.811110,50.3000,35.5000,13.2000,high
T042,2.658840,2.659430,2.660230,2.661080,2.662150,2.663600,2.665500,2.667870,2.670700,2.674050,2.677930,2.682470,2.687790,2.693990,2.701130,2.709240,2.718360,2.728630,2.739980,2.752220,2.764880,2.777300,2.788880,2.799450,2.809270,2.818940,2.829610,2.842330,2.857800,2.876110,2.896710,2.918430,2.940110,2.961210,2.982090,3.003780,3.027270,3.051860,3.075920,3.097230,3.113380,3.122350,3.123360,3.117380,3.107140,3.096630,3.089760,3.090580,3.100280,3.119440,3.147760,3.183860,3.225110,3.267660,3.307240,3.340360,3.365290,3.382390,3.393370,3.400120,3.404200,3.406460,3.407200,3.406400,3.403910,3.399690,3.393740,3.386240,3.377450,3.367580,3.356820,3.345280,3.333150,3.320460,3.307230,3.293470,3.279410,3.265330,3.251610,3.238310,3.225250,3.212180,3.198730,3.184550,3.169190,3.152410,3.134370,3.115740,3.097450,3.080130,3.063900,3.048510,3.033510,3.018510,3.003270,2.987590,2.971210,2.953740,2.935140,2.915640,44.9000,42.5000,12.0000,high
T043,2.890640,2.892440,2.894380,2.896590,2.899130,2.902110,2.905660,2.909820,2.914680,2.920310,2.926720,2.933930,2.942150,2.951620,2.962460,2.974680,2.988370,3.003510,3.020170,3.037990,3.056370,3.074420,3.091260,3.106490,3.120490,3.134260,3.149380,3.167400,3.189310,3.215340,3.244640,3.275590,3.306440,3.336140,3.365090,3.394830,3.426580,3.459480,3.491270,3.518760,3.538350,3.547000,3.543500,3.529410,3.508830,3.487510,3.471020,3.464520,3.469570,3.486710,3.515520,3.554170,3.599440,3.646830,3.691450,3.729320,3.758470,3.779230,3.793430,3.803070,3.809850,3.814870,3.818160,3.819920,3.819810,3.817790,3.813950,3.808470,3.801620,3.793640,3.784740,3.775090,3.764700,3.753700,3.742010,3.729720,3.717020,3.704370,3.692110,3.680380,3.668990,3.657550,3.645660,3.632740,3.618100,3.601310,3.582580,3.562870,3.543500,3.525410,3.508780,3.493140,3.477830,3.462340,3.446320,3.429490,3.411360,3.391460,3.369590,3.346220,41.0000,47.8000,11.6000,high
E1001,2.930290,2.935350,2.940460,2.945650,2.950970,2.956570,2.962580,2.969010,2.975830,2.983030,2.990590,2.998610,3.007320,3.016800,3.027200,3.038460,3.050490,3.063330,3.077180,3.092270,3.108440,3.124880,3.140540,3.155060,3.168760,3.182240,3.196390,3.212370,3.231340,3.253910,3.279570,3.306440,3.332070,3.356140,3.379860,3.404680,3.430990,3.458060,3.484070,3.506360,3.521940,3.528050,3.523020,3.507790,3.485910,3.463400,3.445130,3.434200,3.432220,3.439680,3.456210,3.480400,3.509610,3.540250,3.568690,3.592270,3.609810,3.621790,3.629640,3.634790,3.638250,3.640530,3.641830,3.642120,3.641230,3.639070,3.635610,3.631130,3.625900,3.620100,3.613830,3.607220,3.600370,3.593260,3.585780,3.577860,3.569720,3.561870,3.554730,3.548290,3.542220,3.536220,3.530060,3.523130,3.514630,3.504090,3.491750,3.478850,3.466550,3.455570,3.445840,3.436730,3.427570,3.417990,3.407910,3.397060,3.384840,3.370560,3.354420,3.337010,35.9400,54.7400,10.0500,high
E1002,3.752800,3.761250,3.769800,3.778460,3.787210,3.796400,3.806330,3.816940,3.828070,3.839610,3.851870,3.864820,3.878720,3.893730,3.910030,3.927580,3.946360,3.966260,3.987880,4.011180,4.035840,4.060660,4.084460,4.106500,4.127130,4.147430,4.168910,4.193280,4.222280,4.256540,4.294670,4.333850,4.371380,4.406770,4.441420,4.477340,4.515120,4.554020,4.591050,4.622210,4.643110,4.649800,4.640750,4.618170,4.588190,4.558350,4.534620,4.521620,4.520490,4.532550,4.557380,4.592270,4.633930,4.677190,4.717150,4.749780,4.773590,4.789520,4.800640,4.808100,4.812990,4.817140,4.819760,4.821460,4.820710,4.817950,4.813900,4.808830,4.802930,4.795300,4.787210,4.779010,4.770870,4.762450,4.752780,4.742680,4.732420,4.723550,4.715110,4.707280,4.700150,4.693180,4.686070,4.677710,4.667130,4.653580,4.637990,4.621910,4.606580,4.592890,4.580790,4.569700,4.558330,4.546340,4.533460,4.519110,4.503490,4.485000,4.463880,4.440490,34.9000,55.1000,9.4500,high
E1003,3.026430,3.031510,3.036650,3.041930,3.047340,3.053060,3.059230,3.065860,3.072900,3.080350,3.088230,3.096670,3.105830,3.115850,3.126860,3.138810,3.151600,3.165280,3.180090,3.196290,3.213660,3.231350,3.248240,3.263920,3.278700,3.293220,3.308460,3.325760,3.346370,3.370940,3.398970,3.428290,3.456150,3.482240,3.507910,3.534830,3.563450,3.592810,3.620870,3.644700,3.660880,3.666280,3.659240,3.640630,3.614570,3.587710,3.565590,3.551560,3.547250,3.553250,3.569040,3.593000,3.622360,3.653400,3.682320,3.706230,3.723990,3.736090,3.743940,3.749020,3.752140,3.754260,3.755460,3.755580,3.754400,3.751900,3.748160,3.743460,3.738000,3.731930,3.725390,3.718520,3.711450,3.704210,3.696610,3.688540,3.680310,3.672470,3.665440,3.659240,3.653430,3.647640,3.641670,3.634890,3.626420,3.615620,3.602800,3.589310,3.576600,3.565370,3.555460,3.546220,3.536900,3.527100,3.516690,3.505370,3.492410,3.477210,3.459800,3.440970,34.0500,56.1300,9.7900,high
E1004,3.117510,3.122430,3.127500,3.132720,3.138170,3.143900,3.149940,3.156370,3.163260,3.170760,3.178700,3.187160,3.196230,3.206100,3.216890,3.228650,3.241340,3.254940,3.269730,3.285710,3.302560,3.319680,3.336370,3.352200,3.367160,3.381780,3.397290,3.414960,3.435670,3.459690,3.486390,3.514440,3.542300,3.569080,3.595210,3.621720,3.649590,3.677970,3.704770,3.727150,3.741960,3.746650,3.740230,3.723880,3.700990,3.676290,3.654770,3.641060,3.636500,3.641690,3.656000,3.677990,3.705270,3.734640,3.762650,3.786540,3.804950,3.817960,3.826540,3.831970,3.835300,3.837360,3.838400,3.838450,3.837320,3.834840,3.831170,3.826530,3.821120,3.815120,3.808620,3.801760,3.794660,3.787280,3.779680,3.771790,3.763720,3.755900,3.748660,3.742110,3.736020,3.730000,3.723630,3.716410,3.707800,3.697460,3.685530,3.672730,3.660150,3.648570,3.638090,3.628390,3.618820,3.608930,3.598400,3.586840,3.573850,3.559090,3.542440,3.524240,34.0500,56.1300,9.7900,high
E1005,3.702620,3.710240,3.717940,3.725890,3.734220,3.743070,3.752560,3.762730,3.773580,3.785210,3.797610,3.810890,3.825290,3.841010,3.858150,3.876740,3.896840,3.918620,3.942260,3.967640,3.994260,4.021200,4.047320,4.071820,4.094750,4.117190,4.141040,4.168370,4.200310,4.237380,4.278690,4.322010,4.364810,4.405540,4.444640,4.483940,4.524520,4.565110,4.602570,4.632780,4.651100,4.653970,4.640220,4.612090,4.575240,4.536620,4.502970,4.480440,4.470800,4.474580,4.490960,4.518110,4.552840,4.590830,4.627420,4.658880,4.683380,4.700880,4.712790,4.720530,4.726080,4.730470,4.733870,4.735920,4.736350,4.735180,4.732560,4.728600,4.723740,4.718220,4.712000,4.705750,4.699380,4.692590,4.685260,4.677690,4.669790,4.662290,4.655360,4.649580,4.644400,4.639040,4.633400,4.626510,4.617500,4.605770,4.591790,4.576680,4.561680,4.548090,4.536140,4.525040,4.514040,4.502440,4.489930,4.475680,4.458920,4.439290,4.416990,4.392790,32.8000,56.6000,9.5000,high
E1006,3.103720,3.105840,3.108230,3.111000,3.114230,3.118050,3.122630,3.128140,3.134580,3.142140,3.150580,3.160250,3.171380,3.184270,3.199130,3.215960,3.234620,3.255310,3.277940,3.302220,3.327400,3.352130,3.375160,3.395970,3.414950,3.433540,3.454190,3.478980,3.509360,3.545700,3.586920,3.630600,3.674040,3.715670,3.755890,3.796630,3.839800,3.884070,3.926300,3.961780,3.985130,3.991830,3.980160,3.952560,3.915270,3.876470,3.843940,3.824430,3.819910,3.830920,3.856800,3.895270,3.942470,3.993120,4.041400,4.082410,4.113680,4.135510,4.149860,4.159070,4.165020,4.168960,4.171220,4.171770,4.170390,4.166930,4.161500,4.154410,4.146040,4.136700,4.126610,4.115870,4.104750,4.093230,4.081280,4.068770,4.055880,4.043320,4.031590,4.020930,4.011050,4.001270,3.990950,3.979310,3.965480,3.948800,3.929430,3.908710,3.888510,3.870110,3.853740,3.838810,3.824310,3.809350,3.793450,3.776030,3.756530,3.734040,3.708420,3.680380,35.5000,55.1000,9.0000,high
E1007,2.571210,2.572020,2.573020,2.574300,2.576020,2.578320,2.581270,2.584930,2.589380,2.594660,2.600850,2.608020,2.616330,2.626000,2.637190,2.649980,2.664370,2.680430,2.698210,2.717450,2.737630,2.757740,2.776730,2.794020,2.809820,2.825200,2.842020,2.862140,2.886710,2.916110,2.949530,2.985100,3.020590,3.054580,3.087250,3.120060,3.154590,3.189840,3.223110,3.250670,3.268210,3.271990,3.260520,3.235610,3.202290,3.167350,3.137130,3.117290,3.109450,3.114130,3.130880,3.158030,3.192570,3.230450,3.267030,3.298300,3.322140,3.338580,3.349000,3.355240,3.358770,3.360780,3.361430,3.360770,3.358620,3.354870,3.349630,3.343200,3.335850,3.327830,3.319280,3.310360,3.301270,3.292000,3.282480,3.272760,3.262850,3.253240,3.244530,3.236870,3.229930,3.223170,3.216120,3.208100,3.198290,3.186180,3.171980,3.156710,3.141740,3.128120,3.116150,3.105420,3.095090,3.084420,3.072880,3.060090,3.045490,3.028470,3.008830,2.987140,32.9000,57.9000,9.8000,high
E1008,2.653290,2.655090,2.657120,2.659400,2.662030,2.665150,2.668910,2.673400,2.678560,2.684530,2.691230,2.698890,2.707730,2.717840,2.729350,2.742380,2.756920,2.773100,2.790930,2.810250,2.830410,2.850390,2.869270,2.886510,2.902290,2.917640,2.934360,2.954320,2.978660,3.007810,3.040900,3.076100,3.111280,3.145040,3.177490,3.210090,3.244150,3.278990,3.312020,3.339440,3.357090,3.361480,3.351180,3.327850,3.296450,3.263420,3.234910,3.216420,3.209490,3.214800,3.231760,3.258820,3.292980,3.330230,3.366260,3.397270,3.421190,3.437860,3.448640,3.455350,3.459560,3.462090,3.463310,3.463240,3.461800,3.458790,3.454310,3.448570,3.441890,3.434610,3.426860,3.418800,3.410490,3.402020,3.393260,3.384220,3.375100,3.366310,3.358350,3.351340,3.345050,3.338970,3.332580,3.325280,3.316280,3.305090,3.291850,3.277530,3.263500,3.250830,3.239770,3.229830,3.220250,3.210380,3.199680,3.187670,3.173920,3.157930,3.139480,3.119060,33.0000,58.5000,8.8000,high
E2001,2.468220,2.469880,2.471510,2.473090,2.474700,2.476350,2.478040,2.479840,2.481810,2.483890,2.486080,2.488380,2.490820,2.493440,2.496220,2.499140,2.502290,2.505630,2.509330,2.513180,2.517190,2.521270,2.525320,2.529300,2.533210,2.537010,2.540810,2.544620,2.548420,2.552230,2.556050,2.559920,2.563930,2.568260,2.573190,2.579150,2.586590,2.595580,2.606050,2.617940,2.631030,2.645120,2.660080,2.675930,2.692850,2.711230,2.731700,2.755270,2.782560,2.814170,2.850270,2.890260,2.932400,2.973860,3.011470,3.042780,3.066760,3.084130,3.096430,3.105270,3.111730,3.116620,3.120070,3.121980,3.122280,3.120880,3.117720,3.112880,3.106510,3.098720,3.089600,3.079220,3.067660,3.055040,3.041430,3.027030,3.011880,2.996170,2.980000,2.963340,2.946290,2.928810,2.910820,2.892290,2.873170,2.853550,2.833590,2.813480,2.793390,2.773470,2.753800,2.734330,2.715050,2.696030,2.677420,2.659360,2.641820,2.624820,2.608310,2.592190,72.1000,6.0000,22.1000,low
E2002,3.352030,3.360650,3.369150,3.377510,3.385750,3.393920,3.402030,3.410090,3.418140,3.426150,3.434140,3.442150,3.450140,3.458090,3.466020,3.473960,3.481880,3.489870,3.497980,3.506130,3.514330,3.522520,3.530650,3.538680,3.546590,3.554440,3.562060,3.569510,3.576670,3.583610,3.590400,3.597070,3.603740,3.610560,3.617830,3.625940,3.635090,3.645500,3.657170,3.670200,3.684500,3.700020,3.716690,3.734430,3.753230,3.773300,3.794850,3.818700,3.845300,3.875350,3.909100,3.946200,3.985310,4.024060,4.059610,4.089560,4.112720,4.129370,4.140920,4.148720,4.154220,4.158120,4.160640,4.161580,4.160900,4.158540,4.154510,4.148840,4.141680,4.133280,4.123690,4.112990,4.101180,4.088420,4.074910,4.060800,4.046270,4.031230,4.015820,4.000040,3.984090,3.967790,3.951120,3.934130,3.916840,3.899290,3.881500,3.863650,3.845880,3.828290,3.810870,3.793580,3.776500,3.759720,3.743250,3.727160,3.711530,3.696410,3.681680,3.667240,74.6000,1.7000,22.5000,low
E2003,3.352030,3.360650,3.369150,3.377510,3.385750,3.393920,3.402030,3.410090,3.418140,3.426150,3.434140,3.442150,3.450140,3.458090,3.466020,3.473960,3.481880,3.489870,3.497980,3.506130,3.514330,3.522520,3.530650,3.538680,3.546590,3.554440,3.562060,3.569510,3.576670,3.583610,3.590400,3.597070,3.603740,3.610560,3.617830,3.625940,3.635090,3.645500,3.657170,3.670200,3.684500,3.700020,3.716690,3.734430,3.753230,3.773300,3.794850,3.818700,3.845300,3.875350,3.909100,3.946200,3.985310,4.024060,4.059610,4.089560,4.112720,4.129370,4.140920,4.148720,4.154220,4.158120,4.160640,4.161580,4.160900,4.158540,4.154510,4.148840,4.141680,4.133280,4.123690,4.112990,4.101180,4.088420,4.074910,4.060800,4.046270,4.031230,4.015820,4.000040,3.984090,3.967790,3.951120,3.934130,3.916840,3.899290,3.881500,3.863650,3.845880,3.828290,3.810870,3.793580,3.776500,3.759720,3.743250,3.727160,3.711530,3.696410,3.681680,3.667240,74.6000,1.7000,22.5000,low
E2004,2.687790,2.689470,2.691180,2.692880,2.694580,2.696310,2.698110,2.700030,2.702090,2.704260,2.706600,2.709110,2.711720,2.714440,2.717290,2.720270,2.723450,2.726770,2.730370,2.734130,2.738090,2.742130,2.746210,2.750280,2.754290,2.758290,2.762210,2.765900,2.769490,2.772950,2.776300,2.779610,2.782940,2.786450,2.790450,2.795220,2.801080,2.808340,2.817050,2.827170,2.838670,2.851440,2.865380,2.880400,2.896480,2.913750,2.932580,2.953400,2.977290,3.004810,3.036540,3.072330,3.110940,3.149900,3.186070,3.216580,3.239840,3.255920,3.266030,3.271910,3.274870,3.275770,3.275060,3.272730,3.268760,3.263090,3.255670,3.246530,3.235750,3.223520,3.209990,3.195250,3.179410,3.162540,3.144810,3.126280,3.107110,3.087450,3.067400,3.047050,3.026360,3.005360,2.983970,2.962230,2.940110,2.917630,2.894910,2.872120,2.849410,2.826890,2.804620,2.782630,2.760960,2.739620,2.718770,2.698510,2.678890,2.659930,2.641560,2.623740,74.3000,2.8000,22.4000,low
E2005,2.713230,2.715420,2.717610,2.719790,2.722000,2.724250,2.726550,2.728950,2.731520,2.734150,2.736920,2.739800,2.742810,2.745930,2.749180,2.752570,2.756070,2.759800,2.763770,2.767850,2.772100,2.776400,2.780680,2.784940,2.789130,2.793210,2.797130,2.800850,2.804470,2.807960,2.811360,2.814730,2.818190,2.821960,2.826360,2.831670,2.838230,2.846270,2.855730,2.866620,2.878840,2.892280,2.906870,2.922590,2.939450,2.957700,2.977720,3.000430,3.026370,3.056180,3.090080,3.127500,3.166780,3.205260,3.239850,3.268000,3.288670,3.302510,3.311060,3.315800,3.318110,3.318630,3.317620,3.315040,3.310820,3.304860,3.297200,3.287870,3.276930,3.264600,3.251030,3.236300,3.220450,3.203650,3.186030,3.167670,3.148660,3.129270,3.109480,3.089360,3.068920,3.048150,3.027010,3.005450,2.983530,2.961340,2.938970,2.916560,2.894260,2.872200,2.850370,2.828820,2.807640,2.786840,2.766540,2.746850,2.727760,2.709330,2.691480,2.674140,74.3000,2.8000,22.4000,low
E2006,2.646090,2.647720,2.649290,2.650900,2.652580,2.654380,2.656320,2.658370,2.660560,2.662910,2.665380,2.668020,2.670790,2.673710,2.676800,2.680010,2.683450,2.687110,2.690990,2.695080,2.699320,2.703640,2.708020,2.712420,2.716760,2.720980,2.725170,2.729240,2.733200,2.737080,2.740880,2.744660,2.748580,2.752870,2.757740,2.763570,2.770900,2.779690,2.790000,2.801830,2.815070,2.829580,2.845220,2.861900,2.879720,2.898970,2.920030,2.943840,2.971020,3.002270,3.037910,3.077450,3.119150,3.160240,3.197360,3.227700,3.250030,3.264780,3.273720,3.278570,3.280730,3.280990,3.279620,3.276620,3.271880,3.265290,3.256840,3.246620,3.234800,3.221570,3.206990,3.191170,3.174240,3.156370,3.137650,3.118210,3.098150,3.077660,3.056850,3.035720,3.014290,2.992530,2.970430,2.947940,2.925080,2.901940,2.878580,2.855220,2.832000,2.809020,2.786350,2.764000,2.742020,2.720480,2.699460,2.679070,2.659330,2.640300,2.621910,2.604080,74.1000,3.7000,22.0000,low
E2007,2.223930,2.225050,2.226290,2.227580,2.228920,2.230330,2.231800,2.233370,2.235080,2.237080,2.239120,2.241220,2.243420,2.245810,2.248380,2.251090,2.253890,2.256870,2.260050,2.263480,2.267140,2.270910,2.274690,2.278460,2.282220,2.285950,2.289710,2.293390,2.296930,2.300330,2.303650,2.306970,2.310400,2.314100,2.318300,2.323280,2.329510,2.337070,2.346000,2.356290,2.367780,2.380330,2.393840,2.408280,2.423720,2.440360,2.458600,2.479240,2.502850,2.530100,2.561340,2.596130,2.633020,2.669530,2.702650,2.729800,2.749880,2.763290,2.771520,2.776030,2.778090,2.778470,2.777420,2.774990,2.771070,2.765490,2.758200,2.749360,2.739140,2.727690,2.715100,2.701450,2.686870,2.671390,2.655240,2.638450,2.621250,2.603700,2.585870,2.567770,2.549450,2.530920,2.512140,2.493070,2.473630,2.453900,2.433970,2.414060,2.394320,2.374860,2.355680,2.336760,2.318090,2.299740,2.281880,2.264620,2.247960,2.231900,2.216370,2.201370,73.5000,3.7000,22.3000,low
E2008,2.223930,2.225050,2.226290,2.227580,2.228920,2.230330,2.231800,2.233370,2.235080,2.237080,2.239120,2.241220,2.243420,2.245810,2.248380,2.251090,2.253890,2.256870,2.260050,2.263480,2.267140,2.270910,2.274690,2.278460,2.282220,2.285950,2.289710,2.293390,2.296930,2.300330,2.303650,2.306970,2.310400,2.314100,2.318300,2.323280,2.329510,2.337070,2.346000,2.356290,2.367780,2.380330,2.393840,2.408280,2.423720,2.440360,2.458600,2.479240,2.502850,2.530100,2.561340,2.596130,2.633020,2.669530,2.702650,2.729800,2.749880,2.763290,2.771520,2.776030,2.778090,2.778470,2.777420,2.774990,2.771070,2.765490,2.758200,2.749360,2.739140,2.727690,2.715100,2.701450,2.686870,2.671390,2.655240,2.638450,2.621250,2.603700,2.585870,2.567770,2.549450,2.530920,2.512140,2.493070,2.473630,2.453900,2.433970,2.414060,2.394320,2.374860,2.355680,2.336760,2.318090,2.299740,2.281880,2.264620,2.247960,2.231900,2.216370,2.201370,73.5000,3.7000,22.3000,low
E2009,2.343850,2.345020,2.346260,2.347530,2.348900,2.350380,2.351940,2.353660,2.355600,2.357700,2.359960,2.362370,2.364890,2.367550,2.370390,2.373380,2.376600,2.379990,2.383690,2.387590,2.391700,2.395970,2.400310,2.404680,2.409090,2.413470,2.417770,2.421950,2.426060,2.430090,2.434050,2.437950,2.441910,2.446110,2.450830,2.456450,2.463370,2.471620,2.481260,2.492240,2.504480,2.517850,2.532200,2.547420,2.563610,2.580990,2.600020,2.621620,2.646360,2.674870,2.707460,2.743830,2.782490,2.820840,2.855690,2.884270,2.905240,2.919050,2.927290,2.931630,2.933380,2.933290,2.931620,2.928430,2.923600,2.917050,2.908770,2.898820,2.887340,2.874460,2.860340,2.845170,2.829030,2.812020,2.794150,2.775620,2.756580,2.737210,2.717590,2.697760,2.677680,2.657310,2.636620,2.615600,2.594290,2.572700,2.550930,2.529150,2.507520,2.486170,2.465160,2.444470,2.424120,2.404130,2.384610,2.365690,2.347460,2.329970,2.313070,2.296770,73.3000,3.9000,22.3000,low
E2010,2.666380,2.669580,2.672640,2.675700,2.678810,2.681950,2.685150,2.688430,2.691740,2.695260,2.698840,2.702550,2.706340,2.710220,2.714220,2.718340,2.722670,2.727140,2.731870,2.736770,2.741790,2.746870,2.751960,2.757040,2.762040,2.766880,2.771590,2.776190,2.780680,2.785100,2.789430,2.793710,2.798060,2.802730,2.808040,2.814270,2.821890,2.830970,2.841550,2.853540,2.866830,2.881240,2.896630,2.912970,2.930380,2.949170,2.969870,2.993420,3.020450,3.051580,3.087080,3.126340,3.167660,3.208350,3.245270,3.275860,3.299080,3.315540,3.326840,3.334630,3.340030,3.343760,3.345990,3.346620,3.345660,3.343010,3.338610,3.332530,3.324880,3.315740,3.305250,3.293510,3.280600,3.266620,3.251740,3.236030,3.219570,3.202610,3.185140,3.167250,3.148980,3.130280,3.111080,3.091410,3.071240,3.050590,3.029640,3.008570,2.987570,2.966770,2.946150,2.925700,2.905520,2.885680,2.866330,2.847450,2.829170,2.811450,2.794190,2.777420,73.2000,4.4000,22.1000,low
E2011,2.693000,2.694200,2.695370,2.696590,2.697940,2.699390,2.700960,2.702760,2.704670,2.706820,2.709180,2.711700,2.714380,2.717220,2.720250,2.723550,2.727050,2.730880,2.734920,2.739270,2.743820,2.748490,2.753230,2.757980,2.762640,2.767260,2.771790,2.776290,2.780680,2.785000,2.789280,2.793580,2.798020,2.802780,2.808240,2.814790,2.822890,2.832620,2.843940,2.856840,2.871160,2.886710,2.903340,2.921050,2.939920,2.960310,2.982710,3.008260,3.037590,3.071460,3.110160,3.153030,3.198160,3.242470,3.282330,3.314800,3.338620,3.354490,3.364280,3.369800,3.372620,3.373400,3.372470,3.369830,3.365350,3.358880,3.350430,3.340160,3.328180,3.314590,3.299590,3.283270,3.265760,3.247160,3.227620,3.207250,3.186250,3.164710,3.142820,3.120540,3.097930,3.074880,3.051390,3.027490,3.003130,2.978380,2.953350,2.928260,2.903330,2.878670,2.854330,2.830270,2.806590,2.783370,2.760750,2.738830,2.717590,2.697120,2.677280,2.658110,73.0000,4.6000,23.2000,low
E2012,3.000060,3.002680,3.005160,3.007700,3.010270,3.012970,3.015810,3.018760,3.021830,3.025170,3.028650,3.032340,3.036210,3.040240,3.044460,3.048910,3.053580,3.058490,3.063810,3.069360,3.075220,3.081270,3.087380,3.093480,3.099510,3.105410,3.111190,3.116890,3.122590,3.128250,3.133910,3.139570,3.145210,3.150980,3.157220,3.164370,3.172750,3.182800,3.194430,3.207560,3.221960,3.237360,3.253540,3.270410,3.288080,3.306920,3.327540,3.350650,3.377620,3.409220,3.446030,3.487930,3.533490,3.579910,3.623550,3.660980,3.690130,3.710870,3.724560,3.733280,3.738630,3.741520,3.742500,3.741730,3.739030,3.734300,3.727500,3.718750,3.708180,3.695910,3.682080,3.666840,3.650300,3.632550,3.613770,3.594010,3.573530,3.552510,3.531020,3.509210,3.487020,3.464490,3.441480,3.417980,3.393920,3.369360,3.344400,3.319220,3.294140,3.269310,3.244780,3.220550,3.196670,3.173180,3.150160,3.127760,3.106010,3.084900,3.064440,3.044480,70.0000,6.6000,23.2000,low
E2013,3.225180,3.230160,3.235050,3.239880,3.244760,3.249710,3.254720,3.259800,3.264980,3.270410,3.275920,3.281540,3.287300,3.293210,3.299270,3.305520,3.311950,3.318750,3.325720,3.332950,3.340380,3.347940,3.355520,3.363010,3.370400,3.377640,3.384690,3.391710,3.398690,3.405650,3.412620,3.419550,3.426510,3.433720,3.441540,3.450400,3.460700,3.472520,3.485910,3.500670,3.516600,3.533470,3.551100,3.569470,3.588730,3.609380,3.632060,3.657920,3.687580,3.721840,3.761080,3.804800,3.851270,3.897520,3.939940,3.975370,4.002230,4.020910,4.033180,4.040930,4.045610,4.048190,4.049010,4.048070,4.045250,4.040440,4.033600,4.024840,4.014330,4.002280,3.988770,3.973940,3.957980,3.940960,3.923010,3.904280,3.884910,3.865110,3.844970,3.824590,3.803880,3.782840,3.761450,3.739610,3.717340,3.694690,3.671770,3.648750,3.625900,3.603350,3.581140,3.559280,3.537790,3.516710,3.496090,3.475990,3.456570,3.437780,3.419520,3.401670,70.0000,6.6000,23.2000,low
E2014,3.307920,3.312590,3.317330,3.322050,3.326830,3.331690,3.336630,3.341700,3.347000,3.352420,3.357960,3.363640,3.369540,3.375630,3.381890,3.388380,3.395090,3.402040,3.409270,3.416830,3.424600,3.432420,3.440190,3.447850,3.455350,3.462720,3.469890,3.477000,3.484030,3.491050,3.498060,3.505030,3.512030,3.519270,3.527150,3.536000,3.546490,3.558610,3.572280,3.587280,3.603410,3.620460,3.638300,3.656880,3.676380,3.697250,3.720260,3.746630,3.777190,3.812690,3.853530,3.899090,3.947480,3.995430,4.039000,4.074890,4.101460,4.119240,4.130240,4.136330,4.139310,4.140030,4.138850,4.135800,4.130680,4.123360,4.113900,4.102430,4.089080,4.073970,4.057270,4.039200,4.019940,3.999510,3.978080,3.955840,3.932920,3.909550,3.885820,3.861820,3.837550,3.812800,3.787590,3.761910,3.735760,3.709220,3.682380,3.655480,3.628750,3.602300,3.576220,3.550500,3.525240,3.500420,3.476140,3.452510,3.429500,3.407210,3.385390,3.364140,69.7000,7.1000,23.2000,low
E2015,2.661030,2.663440,2.665820,2.668200,2.670650,2.673210,2.675880,2.678640,2.681600,2.684810,2.688130,2.691570,2.695170,2.698930,2.702860,2.707050,2.711520,2.716290,2.721380,2.726700,2.732220,2.737900,2.743610,2.749230,2.754710,2.760060,2.765350,2.770660,2.776000,2.781380,2.786780,2.792180,2.797650,2.803410,2.809780,2.817150,2.826070,2.836520,2.848440,2.861710,2.876090,2.891300,2.907200,2.923840,2.941450,2.960510,2.981710,3.006240,3.034740,3.067940,3.106120,3.148630,3.193640,3.238140,3.278550,3.311980,3.337170,3.354670,3.366210,3.373580,3.378130,3.380890,3.381930,3.381290,3.378850,3.374520,3.368300,3.360230,3.350460,3.339220,3.326650,3.312780,3.297780,3.281770,3.264850,3.247150,3.228830,3.210110,3.191050,3.171680,3.152040,3.132030,3.111570,3.090670,3.069290,3.047450,3.025310,3.003070,2.980950,2.959100,2.937540,2.916300,2.895370,2.874780,2.854660,2.835030,2.816040,2.797660,2.779770,2.762330,69.1000,7.7000,22.9000,low
E2016,3.024380,3.029970,3.035500,3.041020,3.046530,3.052090,3.057690,3.063300,3.069030,3.074840,3.080820,3.086890,3.093050,3.099310,3.105680,3.112230,3.118980,3.125890,3.133080,3.140470,3.148010,3.155620,3.163180,3.170580,3.177830,3.184960,3.191990,3.199080,3.206220,3.213460,3.220750,3.228020,3.235300,3.242690,3.250460,3.259030,3.268710,3.279510,3.291350,3.303950,3.317100,3.330520,3.344040,3.357730,3.371930,3.387210,3.404310,3.424300,3.447800,3.475410,3.507300,3.542950,3.580730,3.618070,3.652050,3.680290,3.701730,3.716790,3.726810,3.733300,3.737410,3.739820,3.740750,3.740220,3.738120,3.734410,3.729030,3.722100,3.713760,3.704110,3.693310,3.681470,3.668670,3.655080,3.640690,3.625640,3.610080,3.594230,3.578150,3.561870,3.545360,3.528530,3.511360,3.493810,3.475820,3.457400,3.438730,3.419970,3.401290,3.382830,3.364660,3.346750,3.329100,3.311640,3.294520,3.277770,3.261380,3.245360,3.229600,3.214140,66.3000,10.4000,22.4000,low
E2017,3.324990,3.331980,3.338950,3.345870,3.352750,3.359680,3.366730,3.373860,3.381130,3.388580,3.396100,3.403780,3.411640,3.419680,3.427950,3.436420,3.445140,3.454170,3.463610,3.473360,3.483430,3.493650,3.503830,3.513870,3.523750,3.533450,3.543040,3.552660,3.562430,3.572490,3.582740,3.593000,3.603220,3.613590,3.624540,3.636720,3.650640,3.666290,3.683480,3.701680,3.720350,3.738930,3.757070,3.774810,3.792620,3.811620,3.832920,3.858370,3.888800,3.925040,3.967350,4.014840,4.065390,4.115680,4.161810,4.200590,4.230530,4.252210,4.267500,4.278480,4.286560,4.292500,4.296610,4.298820,4.299090,4.297250,4.293290,4.287370,4.279600,4.270110,4.259130,4.246680,4.233010,4.218200,4.202330,4.185570,4.167910,4.149840,4.131420,4.112650,4.093550,4.074090,4.054090,4.033380,4.011860,3.989690,3.967070,3.944230,3.921490,3.899070,3.877060,3.855350,3.833900,3.812740,3.792010,3.771730,3.751840,3.732260,3.712950,3.693810,65.2000,12.3000,22.5000,low
